rate_date,currency,usd_rate
2024-01-01,USD,0.998532
2024-01-02,USD,0.998414
2024-01-03,USD,0.997688
2024-01-04,USD,0.999376
2024-01-05,USD,0.999273
2024-01-06,USD,0.998037
2024-01-07,USD,0.998066
2024-01-08,USD,0.998736
2024-01-09,USD,1.001072
2024-01-10,USD,1.002583
2024-01-11,USD,1.006018
2024-01-12,USD,1.004283
2024-01-13,USD,1.002711
2024-01-14,USD,1.002209
2024-01-15,USD,1.004344
2024-01-16,USD,1.007225
2024-01-17,USD,1.008347
2024-01-18,USD,1.008489
2024-01-19,USD,1.004308
2024-01-20,USD,1.007764
2024-01-21,USD,1.005768
2024-01-22,USD,1.005959
2024-01-23,USD,1.006875
2024-01-24,USD,1.009868
2024-01-25,USD,1.010758
2024-01-26,USD,1.011106
2024-01-27,USD,1.011953
2024-01-28,USD,1.010508
2024-01-29,USD,1.011039
2024-01-30,USD,1.014761
2024-01-31,USD,1.012315
2024-02-01,USD,1.011009
2024-02-02,USD,1.012416
2024-02-03,USD,1.011724
2024-02-04,USD,1.013038
2024-02-05,USD,1.011769
2024-02-06,USD,1.010773
2024-02-07,USD,1.013822
2024-02-08,USD,1.018406
2024-02-09,USD,1.020184
2024-02-10,USD,1.022076
2024-02-11,USD,1.023982
2024-02-12,USD,1.024236
2024-02-13,USD,1.025154
2024-02-14,USD,1.028687
2024-02-15,USD,1.030857
2024-02-16,USD,1.033337
2024-02-17,USD,1.032757
2024-02-18,USD,1.036604
2024-02-19,USD,1.030388
2024-02-20,USD,1.031843
2024-02-21,USD,1.029777
2024-02-22,USD,1.031458
2024-02-23,USD,1.034322
2024-02-24,USD,1.032484
2024-02-25,USD,1.029607
2024-02-26,USD,1.029586
2024-02-27,USD,1.031487
2024-02-28,USD,1.034233
2024-02-29,USD,1.032639
2024-03-01,USD,1.036058
2024-03-02,USD,1.035791
2024-03-03,USD,1.036405
2024-03-04,USD,1.035357
2024-03-05,USD,1.033804
2024-03-06,USD,1.036558
2024-03-07,USD,1.037135
2024-03-08,USD,1.034562
2024-03-09,USD,1.034361
2024-03-10,USD,1.036238
2024-03-11,USD,1.036204
2024-03-12,USD,1.036112
2024-03-13,USD,1.034626
2024-03-14,USD,1.030452
2024-03-15,USD,1.029897
2024-03-16,USD,1.030391
2024-03-17,USD,1.029574
2024-03-18,USD,1.029278
2024-03-19,USD,1.030801
2024-03-20,USD,1.031269
2024-03-21,USD,1.03211
2024-03-22,USD,1.031191
2024-03-23,USD,1.03293
2024-03-24,USD,1.030153
2024-03-25,USD,1.032253
2024-03-26,USD,1.029432
2024-03-27,USD,1.028878
2024-03-28,USD,1.028102
2024-03-29,USD,1.028629
2024-03-30,USD,1.029836
2024-03-31,USD,1.028903
2024-04-01,USD,1.029753
2024-04-02,USD,1.032578
2024-04-03,USD,1.034059
2024-04-04,USD,1.030807
2024-04-05,USD,1.031018
2024-04-06,USD,1.030117
2024-04-07,USD,1.03007
2024-04-08,USD,1.032021
2024-04-09,USD,1.033548
2024-04-10,USD,1.03407
2024-04-11,USD,1.03779
2024-04-12,USD,1.033856
2024-04-13,USD,1.032288
2024-04-14,USD,1.030409
2024-04-15,USD,1.031576
2024-04-16,USD,1.027523
2024-04-17,USD,1.029677
2024-04-18,USD,1.028941
2024-04-19,USD,1.029241
2024-04-20,USD,1.029822
2024-04-21,USD,1.033056
2024-04-22,USD,1.030948
2024-04-23,USD,1.031457
2024-04-24,USD,1.029986
2024-04-25,USD,1.030278
2024-04-26,USD,1.02922
2024-04-27,USD,1.032497
2024-04-28,USD,1.035822
2024-04-29,USD,1.036079
2024-04-30,USD,1.034777
2024-05-01,USD,1.037887
2024-05-02,USD,1.036803
2024-05-03,USD,1.038523
2024-05-04,USD,1.039262
2024-05-05,USD,1.037083
2024-05-06,USD,1.041689
2024-05-07,USD,1.042882
2024-05-08,USD,1.044114
2024-05-09,USD,1.045955
2024-05-10,USD,1.042842
2024-05-11,USD,1.044214
2024-05-12,USD,1.04469
2024-05-13,USD,1.042796
2024-05-14,USD,1.04243
2024-05-15,USD,1.043818
2024-05-16,USD,1.045518
2024-05-17,USD,1.044
2024-05-18,USD,1.048011
2024-05-19,USD,1.046158
2024-05-20,USD,1.050387
2024-05-21,USD,1.050938
2024-05-22,USD,1.050666
2024-05-23,USD,1.046113
2024-05-24,USD,1.044619
2024-05-25,USD,1.046273
2024-05-26,USD,1.046891
2024-05-27,USD,1.051331
2024-05-28,USD,1.049453
2024-05-29,USD,1.052546
2024-05-30,USD,1.053462
2024-05-31,USD,1.054069
2024-06-01,USD,1.056859
2024-06-02,USD,1.055194
2024-06-03,USD,1.057462
2024-06-04,USD,1.057611
2024-06-05,USD,1.061094
2024-06-06,USD,1.057955
2024-06-07,USD,1.056503
2024-06-08,USD,1.059575
2024-06-09,USD,1.063777
2024-06-10,USD,1.062641
2024-06-11,USD,1.06202
2024-06-12,USD,1.059274
2024-06-13,USD,1.058849
2024-06-14,USD,1.05892
2024-06-15,USD,1.060487
2024-06-16,USD,1.062671
2024-06-17,USD,1.063509
2024-06-18,USD,1.064478
2024-06-19,USD,1.063028
2024-06-20,USD,1.059708
2024-06-21,USD,1.062917
2024-06-22,USD,1.062358
2024-06-23,USD,1.057854
2024-06-24,USD,1.057953
2024-06-25,USD,1.054447
2024-06-26,USD,1.056944
2024-06-27,USD,1.057467
2024-06-28,USD,1.057884
2024-06-29,USD,1.057878
2024-06-30,USD,1.060372
2024-07-01,USD,1.05683
2024-07-02,USD,1.055255
2024-07-03,USD,1.058879
2024-07-04,USD,1.058911
2024-07-05,USD,1.058006
2024-07-06,USD,1.057146
2024-07-07,USD,1.061201
2024-07-08,USD,1.057208
2024-07-09,USD,1.054999
2024-07-10,USD,1.054375
2024-07-11,USD,1.053059
2024-07-12,USD,1.051642
2024-07-13,USD,1.053611
2024-07-14,USD,1.055574
2024-07-15,USD,1.05723
2024-07-16,USD,1.054802
2024-07-17,USD,1.05348
2024-07-18,USD,1.053684
2024-07-19,USD,1.051222
2024-07-20,USD,1.055549
2024-07-21,USD,1.057836
2024-07-22,USD,1.057297
2024-07-23,USD,1.0613
2024-07-24,USD,1.061577
2024-07-25,USD,1.065089
2024-07-26,USD,1.066737
2024-07-27,USD,1.067689
2024-07-28,USD,1.068168
2024-07-29,USD,1.064022
2024-07-30,USD,1.065174
2024-07-31,USD,1.065339
2024-08-01,USD,1.066564
2024-08-02,USD,1.070683
2024-08-03,USD,1.068764
2024-08-04,USD,1.066754
2024-08-05,USD,1.064578
2024-08-06,USD,1.06508
2024-08-07,USD,1.063706
2024-08-08,USD,1.065309
2024-08-09,USD,1.065128
2024-08-10,USD,1.063967
2024-08-11,USD,1.065368
2024-08-12,USD,1.067668
2024-08-13,USD,1.069279
2024-08-14,USD,1.068897
2024-08-15,USD,1.068964
2024-08-16,USD,1.066446
2024-08-17,USD,1.067701
2024-08-18,USD,1.062643
2024-08-19,USD,1.064421
2024-08-20,USD,1.066772
2024-08-21,USD,1.066659
2024-08-22,USD,1.066487
2024-08-23,USD,1.064534
2024-08-24,USD,1.060717
2024-08-25,USD,1.062411
2024-08-26,USD,1.062147
2024-08-27,USD,1.060671
2024-08-28,USD,1.063447
2024-08-29,USD,1.064223
2024-08-30,USD,1.064934
2024-08-31,USD,1.064666
2024-09-01,USD,1.06462
2024-09-02,USD,1.06644
2024-09-03,USD,1.066698
2024-09-04,USD,1.067387
2024-09-05,USD,1.067623
2024-09-06,USD,1.067811
2024-09-07,USD,1.067573
2024-09-08,USD,1.06671
2024-09-09,USD,1.063351
2024-09-10,USD,1.06459
2024-09-11,USD,1.067831
2024-09-12,USD,1.069186
2024-09-13,USD,1.069858
2024-09-14,USD,1.06866
2024-09-15,USD,1.070136
2024-09-16,USD,1.073877
2024-09-17,USD,1.076685
2024-09-18,USD,1.074861
2024-09-19,USD,1.074168
2024-09-20,USD,1.075395
2024-09-21,USD,1.078355
2024-09-22,USD,1.078217
2024-09-23,USD,1.076476
2024-09-24,USD,1.077439
2024-09-25,USD,1.078895
2024-09-26,USD,1.082183
2024-09-27,USD,1.081504
2024-09-28,USD,1.078718
2024-09-29,USD,1.076617
2024-09-30,USD,1.075499
2024-10-01,USD,1.074417
2024-10-02,USD,1.073051
2024-10-03,USD,1.071175
2024-10-04,USD,1.069535
2024-10-05,USD,1.0702
2024-10-06,USD,1.075545
2024-10-07,USD,1.075429
2024-10-08,USD,1.073014
2024-10-09,USD,1.070388
2024-10-10,USD,1.070127
2024-10-11,USD,1.067827
2024-10-12,USD,1.069879
2024-10-13,USD,1.075713
2024-10-14,USD,1.074587
2024-10-15,USD,1.074165
2024-10-16,USD,1.074577
2024-10-17,USD,1.072665
2024-10-18,USD,1.076351
2024-10-19,USD,1.073469
2024-10-20,USD,1.073343
2024-10-21,USD,1.07595
2024-10-22,USD,1.074526
2024-10-23,USD,1.074758
2024-10-24,USD,1.074623
2024-10-25,USD,1.077271
2024-10-26,USD,1.077083
2024-10-27,USD,1.076697
2024-10-28,USD,1.077266
2024-10-29,USD,1.077418
2024-10-30,USD,1.0741
2024-10-31,USD,1.075079
2024-11-01,USD,1.072607
2024-11-02,USD,1.072291
2024-11-03,USD,1.068682
2024-11-04,USD,1.070403
2024-11-05,USD,1.069623
2024-11-06,USD,1.070743
2024-11-07,USD,1.06895
2024-11-08,USD,1.069427
2024-11-09,USD,1.072887
2024-11-10,USD,1.071809
2024-11-11,USD,1.072077
2024-11-12,USD,1.074212
2024-11-13,USD,1.072456
2024-11-14,USD,1.070562
2024-11-15,USD,1.069744
2024-11-16,USD,1.068835
2024-11-17,USD,1.07185
2024-11-18,USD,1.073238
2024-11-19,USD,1.070996
2024-11-20,USD,1.071673
2024-11-21,USD,1.070532
2024-11-22,USD,1.067604
2024-11-23,USD,1.068908
2024-11-24,USD,1.064513
2024-11-25,USD,1.067975
2024-11-26,USD,1.067144
2024-11-27,USD,1.06849
2024-11-28,USD,1.063675
2024-11-29,USD,1.064935
2024-11-30,USD,1.06147
2024-12-01,USD,1.059889
2024-12-02,USD,1.063121
2024-12-03,USD,1.061125
2024-12-04,USD,1.061601
2024-12-05,USD,1.063435
2024-12-06,USD,1.064629
2024-12-07,USD,1.063553
2024-12-08,USD,1.066486
2024-12-09,USD,1.065017
2024-12-10,USD,1.063309
2024-12-11,USD,1.067069
2024-12-12,USD,1.067358
2024-12-13,USD,1.067188
2024-12-14,USD,1.066256
2024-12-15,USD,1.067532
2024-12-16,USD,1.069115
2024-12-17,USD,1.066467
2024-12-18,USD,1.066521
2024-12-19,USD,1.067567
2024-12-20,USD,1.069006
2024-12-21,USD,1.06925
2024-12-22,USD,1.071747
2024-12-23,USD,1.072762
2024-12-24,USD,1.073113
2024-12-25,USD,1.069808
2024-12-26,USD,1.069012
2024-12-27,USD,1.068399
2024-12-28,USD,1.068452
2024-12-29,USD,1.06411
2024-12-30,USD,1.067124
2024-12-31,USD,1.066626
2025-01-01,USD,1.06418
2025-01-02,USD,1.063946
2025-01-03,USD,1.06506
2025-01-04,USD,1.065914
2025-01-05,USD,1.066749
2025-01-06,USD,1.068353
2025-01-07,USD,1.070697
2025-01-08,USD,1.072417
2025-01-09,USD,1.071812
2025-01-10,USD,1.070634
2025-01-11,USD,1.066429
2025-01-12,USD,1.062326
2025-01-13,USD,1.061349
2025-01-14,USD,1.059435
2025-01-15,USD,1.057024
2025-01-16,USD,1.055452
2025-01-17,USD,1.056731
2025-01-18,USD,1.054679
2025-01-19,USD,1.054001
2025-01-20,USD,1.053925
2025-01-21,USD,1.055955
2025-01-22,USD,1.056131
2025-01-23,USD,1.05505
2025-01-24,USD,1.055192
2025-01-25,USD,1.057812
2025-01-26,USD,1.05839
2025-01-27,USD,1.057667
2025-01-28,USD,1.060373
2025-01-29,USD,1.059561
2025-01-30,USD,1.061122
2025-01-31,USD,1.060563
2025-02-01,USD,1.062194
2025-02-02,USD,1.061839
2025-02-03,USD,1.066394
2025-02-04,USD,1.063911
2025-02-05,USD,1.064523
2025-02-06,USD,1.066367
2025-02-07,USD,1.063326
2025-02-08,USD,1.062534
2025-02-09,USD,1.06466
2025-02-10,USD,1.062155
2025-02-11,USD,1.06539
2025-02-12,USD,1.064004
2025-02-13,USD,1.062168
2025-02-14,USD,1.06034
2025-02-15,USD,1.062074
2025-02-16,USD,1.062243
2025-02-17,USD,1.059566
2025-02-18,USD,1.058802
2025-02-19,USD,1.056365
2025-02-20,USD,1.054798
2025-02-21,USD,1.056236
2025-02-22,USD,1.056769
2025-02-23,USD,1.05848
2025-02-24,USD,1.060123
2025-02-25,USD,1.055723
2025-02-26,USD,1.050756
2025-02-27,USD,1.050014
2025-02-28,USD,1.050729
2025-03-01,USD,1.045245
2025-03-02,USD,1.044656
2025-03-03,USD,1.044603
2025-03-04,USD,1.045317
2025-03-05,USD,1.043204
2025-03-06,USD,1.044521
2025-03-07,USD,1.044141
2025-03-08,USD,1.046261
2025-03-09,USD,1.045824
2025-03-10,USD,1.046978
2025-03-11,USD,1.042499
2025-03-12,USD,1.042776
2025-03-13,USD,1.044474
2025-03-14,USD,1.042341
2025-03-15,USD,1.042915
2025-03-16,USD,1.04497
2025-03-17,USD,1.043901
2025-03-18,USD,1.040838
2025-03-19,USD,1.041883
2025-03-20,USD,1.039216
2025-03-21,USD,1.040359
2025-03-22,USD,1.039181
2025-03-23,USD,1.040764
2025-03-24,USD,1.040868
2025-03-25,USD,1.043649
2025-03-26,USD,1.042653
2025-03-27,USD,1.043292
2025-03-28,USD,1.044236
2025-03-29,USD,1.046492
2025-03-30,USD,1.048359
2025-03-31,USD,1.046096
2025-04-01,USD,1.048178
2025-04-02,USD,1.047255
2025-04-03,USD,1.045031
2025-04-04,USD,1.046127
2025-04-05,USD,1.046639
2025-04-06,USD,1.044994
2025-04-07,USD,1.045344
2025-04-08,USD,1.04754
2025-04-09,USD,1.047866
2025-04-10,USD,1.051867
2025-04-11,USD,1.050428
2025-04-12,USD,1.05089
2025-04-13,USD,1.053685
2025-04-14,USD,1.055857
2025-04-15,USD,1.059834
2025-04-16,USD,1.058236
2025-04-17,USD,1.053763
2025-04-18,USD,1.053549
2025-04-19,USD,1.052265
2025-04-20,USD,1.052249
2025-04-21,USD,1.053328
2025-04-22,USD,1.049611
2025-04-23,USD,1.052277
2025-04-24,USD,1.052532
2025-04-25,USD,1.051915
2025-04-26,USD,1.053992
2025-04-27,USD,1.056468
2025-04-28,USD,1.057012
2025-04-29,USD,1.055549
2025-04-30,USD,1.054842
2025-05-01,USD,1.055447
2025-05-02,USD,1.055927
2025-05-03,USD,1.054152
2025-05-04,USD,1.056968
2025-05-05,USD,1.058159
2025-05-06,USD,1.056731
2025-05-07,USD,1.053875
2025-05-08,USD,1.055303
2025-05-09,USD,1.055621
2025-05-10,USD,1.052137
2025-05-11,USD,1.048633
2025-05-12,USD,1.05043
2025-05-13,USD,1.05124
2025-05-14,USD,1.052351
2025-05-15,USD,1.052406
2025-05-16,USD,1.052297
2025-05-17,USD,1.052623
2025-05-18,USD,1.052313
2025-05-19,USD,1.053054
2025-05-20,USD,1.05188
2025-05-21,USD,1.05247
2025-05-22,USD,1.052972
2025-05-23,USD,1.055543
2025-05-24,USD,1.058205
2025-05-25,USD,1.055075
2025-05-26,USD,1.054796
2025-05-27,USD,1.055805
2025-05-28,USD,1.054559
2025-05-29,USD,1.051721
2025-05-30,USD,1.048626
2025-05-31,USD,1.047871
2025-06-01,USD,1.04401
2025-06-02,USD,1.041661
2025-06-03,USD,1.040763
2025-06-04,USD,1.041947
2025-06-05,USD,1.041829
2025-06-06,USD,1.041788
2025-06-07,USD,1.042674
2025-06-08,USD,1.037047
2025-06-09,USD,1.036859
2025-06-10,USD,1.034288
2025-06-11,USD,1.031856
2025-06-12,USD,1.033758
2025-06-13,USD,1.030366
2025-06-14,USD,1.030533
2025-06-15,USD,1.033412
2025-06-16,USD,1.034691
2025-06-17,USD,1.035783
2025-06-18,USD,1.034274
2025-06-19,USD,1.03436
2025-06-20,USD,1.030946
2025-06-21,USD,1.029606
2025-06-22,USD,1.028841
2025-06-23,USD,1.026569
2025-06-24,USD,1.024515
2025-06-25,USD,1.027689
2025-06-26,USD,1.030442
2025-06-27,USD,1.031887
2025-06-28,USD,1.033959
2025-06-29,USD,1.034455
2025-06-30,USD,1.03437
2025-07-01,USD,1.035403
2025-07-02,USD,1.03441
2025-07-03,USD,1.034248
2025-07-04,USD,1.032485
2025-07-05,USD,1.032007
2025-07-06,USD,1.029741
2025-07-07,USD,1.027653
2025-07-08,USD,1.025886
2025-07-09,USD,1.026966
2025-07-10,USD,1.030542
2025-07-11,USD,1.029482
2025-07-12,USD,1.027536
2025-07-13,USD,1.028612
2025-07-14,USD,1.028673
2025-07-15,USD,1.025795
2025-07-16,USD,1.026654
2025-07-17,USD,1.024522
2025-07-18,USD,1.022892
2025-07-19,USD,1.021221
2025-07-20,USD,1.018776
2025-07-21,USD,1.020066
2025-07-22,USD,1.019014
2025-07-23,USD,1.020731
2025-07-24,USD,1.018271
2025-07-25,USD,1.012966
2025-07-26,USD,1.013073
2025-07-27,USD,1.012778
2025-07-28,USD,1.012436
2025-07-29,USD,1.01427
2025-07-30,USD,1.012347
2025-07-31,USD,1.013494
2025-08-01,USD,1.011887
2025-08-02,USD,1.011291
2025-08-03,USD,1.011721
2025-08-04,USD,1.01227
2025-08-05,USD,1.014921
2025-08-06,USD,1.018623
2025-08-07,USD,1.015907
2025-08-08,USD,1.012609
2025-08-09,USD,1.011705
2025-08-10,USD,1.011577
2025-08-11,USD,1.013298
2025-08-12,USD,1.013917
2025-08-13,USD,1.015253
2025-08-14,USD,1.014744
2025-08-15,USD,1.01345
2025-08-16,USD,1.012241
2025-08-17,USD,1.009836
2025-08-18,USD,1.012497
2025-08-19,USD,1.012977
2025-08-20,USD,1.014695
2025-08-21,USD,1.014417
2025-08-22,USD,1.015475
2025-08-23,USD,1.01287
2025-08-24,USD,1.008959
2025-08-25,USD,1.00822
2025-08-26,USD,1.011789
2025-08-27,USD,1.007796
2025-08-28,USD,1.007869
2025-08-29,USD,1.007243
2025-08-30,USD,1.010922
2025-08-31,USD,1.010251
2025-09-01,USD,1.009385
2025-09-02,USD,1.009868
2025-09-03,USD,1.007567
2025-09-04,USD,1.004654
2025-09-05,USD,1.003093
2025-09-06,USD,1.006529
2025-09-07,USD,1.010115
2025-09-08,USD,1.011568
2025-09-09,USD,1.010267
2025-09-10,USD,1.006153
2025-09-11,USD,1.005072
2025-09-12,USD,1.002558
2025-09-13,USD,1.002269
2025-09-14,USD,1.002381
2025-09-15,USD,0.998111
2025-09-16,USD,0.994719
2025-09-17,USD,0.996383
2025-09-18,USD,0.99631
2025-09-19,USD,0.997853
2025-09-20,USD,0.997453
2025-09-21,USD,0.997553
2025-09-22,USD,0.996557
2025-09-23,USD,0.993301
2025-09-24,USD,0.994083
2025-09-25,USD,0.992097
2025-09-26,USD,0.99417
2025-09-27,USD,0.994015
2025-09-28,USD,0.993878
2025-09-29,USD,0.995172
2025-09-30,USD,0.99175
2025-10-01,USD,0.989104
2025-10-02,USD,0.985116
2025-10-03,USD,0.983539
2025-10-04,USD,0.985374
2025-10-05,USD,0.983769
2025-10-06,USD,0.983882
2025-10-07,USD,0.981336
2025-10-08,USD,0.982505
2025-10-09,USD,0.984868
2025-10-10,USD,0.984553
2025-10-11,USD,0.982819
2025-10-12,USD,0.981603
2025-10-13,USD,0.979423
2025-10-14,USD,0.974775
2025-10-15,USD,0.975436
2025-10-16,USD,0.972426
2025-10-17,USD,0.970869
2025-10-18,USD,0.970974
2025-10-19,USD,0.969867
2025-10-20,USD,0.969506
2025-10-21,USD,0.969953
2025-10-22,USD,0.97025
2025-10-23,USD,0.971891
2025-10-24,USD,0.972451
2025-10-25,USD,0.974037
2025-10-26,USD,0.974439
2025-10-27,USD,0.972888
2025-10-28,USD,0.974012
2025-10-29,USD,0.973672
2025-10-30,USD,0.972586
2025-10-31,USD,0.970619
2025-11-01,USD,0.970423
2025-11-02,USD,0.969834
2025-11-03,USD,0.970506
2025-11-04,USD,0.967258
2025-11-05,USD,0.967415
2025-11-06,USD,0.96455
2025-11-07,USD,0.961886
2025-11-08,USD,0.959061
2025-11-09,USD,0.956284
2025-11-10,USD,0.959259
2025-11-11,USD,0.959555
2025-11-12,USD,0.959467
2025-11-13,USD,0.959837
2025-11-14,USD,0.963768
2025-11-15,USD,0.966723
2025-11-16,USD,0.961749
2025-11-17,USD,0.962949
2025-11-18,USD,0.962803
2025-11-19,USD,0.961716
2025-11-20,USD,0.962785
2025-11-21,USD,0.958767
2025-11-22,USD,0.95879
2025-11-23,USD,0.958392
2025-11-24,USD,0.957236
2025-11-25,USD,0.954955
2025-11-26,USD,0.95327
2025-11-27,USD,0.952567
2025-11-28,USD,0.952187
2025-11-29,USD,0.951834
2025-11-30,USD,0.952322
2025-12-01,USD,0.952093
2025-12-02,USD,0.953999
2025-12-03,USD,0.952437
2025-12-04,USD,0.955062
2025-12-05,USD,0.953076
2025-12-06,USD,0.952913
2025-12-07,USD,0.956638
2025-12-08,USD,0.958237
2025-12-09,USD,0.957456
2025-12-10,USD,0.95626
2025-12-11,USD,0.957612
2025-12-12,USD,0.957842
2025-12-13,USD,0.954092
2025-12-14,USD,0.955009
2025-12-15,USD,0.951785
2025-12-16,USD,0.949455
2025-12-17,USD,0.94459
2025-12-18,USD,0.942036
2025-12-19,USD,0.940835
2025-12-20,USD,0.941427
2025-12-21,USD,0.946034
2025-12-22,USD,0.948963
2025-12-23,USD,0.948163
2025-12-24,USD,0.949016
2025-12-25,USD,0.948792
2025-12-26,USD,0.945097
2025-12-27,USD,0.945227
2025-12-28,USD,0.943119
2025-12-29,USD,0.940918
2025-12-30,USD,0.94058
2025-12-31,USD,0.938902
2024-01-01,GBP,0.791782
2024-01-02,GBP,0.790465
2024-01-03,GBP,0.789765
2024-01-04,GBP,0.791051
2024-01-05,GBP,0.791983
2024-01-06,GBP,0.790208
2024-01-07,GBP,0.788775
2024-01-08,GBP,0.786069
2024-01-09,GBP,0.786081
2024-01-10,GBP,0.787144
2024-01-11,GBP,0.788835
2024-01-12,GBP,0.789729
2024-01-13,GBP,0.790241
2024-01-14,GBP,0.78953
2024-01-15,GBP,0.788501
2024-01-16,GBP,0.790075
2024-01-17,GBP,0.789513
2024-01-18,GBP,0.787289
2024-01-19,GBP,0.789178
2024-01-20,GBP,0.789169
2024-01-21,GBP,0.786654
2024-01-22,GBP,0.788534
2024-01-23,GBP,0.789193
2024-01-24,GBP,0.788885
2024-01-25,GBP,0.789207
2024-01-26,GBP,0.788599
2024-01-27,GBP,0.789758
2024-01-28,GBP,0.790721
2024-01-29,GBP,0.791027
2024-01-30,GBP,0.792381
2024-01-31,GBP,0.790733
2024-02-01,GBP,0.791521
2024-02-02,GBP,0.794125
2024-02-03,GBP,0.7939
2024-02-04,GBP,0.795241
2024-02-05,GBP,0.793259
2024-02-06,GBP,0.794399
2024-02-07,GBP,0.793505
2024-02-08,GBP,0.793285
2024-02-09,GBP,0.790137
2024-02-10,GBP,0.790895
2024-02-11,GBP,0.79239
2024-02-12,GBP,0.791551
2024-02-13,GBP,0.789535
2024-02-14,GBP,0.78672
2024-02-15,GBP,0.787189
2024-02-16,GBP,0.789083
2024-02-17,GBP,0.787031
2024-02-18,GBP,0.789162
2024-02-19,GBP,0.790228
2024-02-20,GBP,0.790688
2024-02-21,GBP,0.788497
2024-02-22,GBP,0.789081
2024-02-23,GBP,0.7877
2024-02-24,GBP,0.787808
2024-02-25,GBP,0.790928
2024-02-26,GBP,0.791049
2024-02-27,GBP,0.789957
2024-02-28,GBP,0.790074
2024-02-29,GBP,0.790295
2024-03-01,GBP,0.7904
2024-03-02,GBP,0.79071
2024-03-03,GBP,0.788674
2024-03-04,GBP,0.789494
2024-03-05,GBP,0.788777
2024-03-06,GBP,0.786956
2024-03-07,GBP,0.789122
2024-03-08,GBP,0.788538
2024-03-09,GBP,0.787155
2024-03-10,GBP,0.783868
2024-03-11,GBP,0.785292
2024-03-12,GBP,0.785572
2024-03-13,GBP,0.782861
2024-03-14,GBP,0.781221
2024-03-15,GBP,0.780303
2024-03-16,GBP,0.78072
2024-03-17,GBP,0.778815
2024-03-18,GBP,0.778642
2024-03-19,GBP,0.778486
2024-03-20,GBP,0.778981
2024-03-21,GBP,0.777952
2024-03-22,GBP,0.776124
2024-03-23,GBP,0.775592
2024-03-24,GBP,0.77766
2024-03-25,GBP,0.777857
2024-03-26,GBP,0.778489
2024-03-27,GBP,0.776599
2024-03-28,GBP,0.779046
2024-03-29,GBP,0.776378
2024-03-30,GBP,0.775822
2024-03-31,GBP,0.775091
2024-04-01,GBP,0.777818
2024-04-02,GBP,0.778544
2024-04-03,GBP,0.778282
2024-04-04,GBP,0.779239
2024-04-05,GBP,0.78058
2024-04-06,GBP,0.779772
2024-04-07,GBP,0.779789
2024-04-08,GBP,0.778644
2024-04-09,GBP,0.778567
2024-04-10,GBP,0.778493
2024-04-11,GBP,0.776821
2024-04-12,GBP,0.777587
2024-04-13,GBP,0.777744
2024-04-14,GBP,0.777807
2024-04-15,GBP,0.77884
2024-04-16,GBP,0.778208
2024-04-17,GBP,0.779303
2024-04-18,GBP,0.778367
2024-04-19,GBP,0.7771
2024-04-20,GBP,0.776527
2024-04-21,GBP,0.776991
2024-04-22,GBP,0.776488
2024-04-23,GBP,0.775969
2024-04-24,GBP,0.778163
2024-04-25,GBP,0.776444
2024-04-26,GBP,0.778037
2024-04-27,GBP,0.77727
2024-04-28,GBP,0.779304
2024-04-29,GBP,0.778792
2024-04-30,GBP,0.77829
2024-05-01,GBP,0.779625
2024-05-02,GBP,0.780809
2024-05-03,GBP,0.77837
2024-05-04,GBP,0.779547
2024-05-05,GBP,0.776956
2024-05-06,GBP,0.778064
2024-05-07,GBP,0.781061
2024-05-08,GBP,0.777454
2024-05-09,GBP,0.778341
2024-05-10,GBP,0.777968
2024-05-11,GBP,0.776473
2024-05-12,GBP,0.777732
2024-05-13,GBP,0.776304
2024-05-14,GBP,0.777126
2024-05-15,GBP,0.773081
2024-05-16,GBP,0.769413
2024-05-17,GBP,0.769531
2024-05-18,GBP,0.768708
2024-05-19,GBP,0.77069
2024-05-20,GBP,0.769912
2024-05-21,GBP,0.771405
2024-05-22,GBP,0.769121
2024-05-23,GBP,0.77017
2024-05-24,GBP,0.770686
2024-05-25,GBP,0.769857
2024-05-26,GBP,0.76982
2024-05-27,GBP,0.770857
2024-05-28,GBP,0.770257
2024-05-29,GBP,0.768511
2024-05-30,GBP,0.768104
2024-05-31,GBP,0.766849
2024-06-01,GBP,0.769144
2024-06-02,GBP,0.767111
2024-06-03,GBP,0.766285
2024-06-04,GBP,0.765355
2024-06-05,GBP,0.769295
2024-06-06,GBP,0.770635
2024-06-07,GBP,0.769512
2024-06-08,GBP,0.772603
2024-06-09,GBP,0.771674
2024-06-10,GBP,0.772034
2024-06-11,GBP,0.772733
2024-06-12,GBP,0.773015
2024-06-13,GBP,0.774018
2024-06-14,GBP,0.772256
2024-06-15,GBP,0.773121
2024-06-16,GBP,0.776996
2024-06-17,GBP,0.776926
2024-06-18,GBP,0.777441
2024-06-19,GBP,0.777179
2024-06-20,GBP,0.77635
2024-06-21,GBP,0.77761
2024-06-22,GBP,0.77524
2024-06-23,GBP,0.77531
2024-06-24,GBP,0.772741
2024-06-25,GBP,0.775868
2024-06-26,GBP,0.774762
2024-06-27,GBP,0.77541
2024-06-28,GBP,0.773222
2024-06-29,GBP,0.772168
2024-06-30,GBP,0.772753
2024-07-01,GBP,0.773566
2024-07-02,GBP,0.774772
2024-07-03,GBP,0.773473
2024-07-04,GBP,0.774349
2024-07-05,GBP,0.774167
2024-07-06,GBP,0.771299
2024-07-07,GBP,0.76904
2024-07-08,GBP,0.768842
2024-07-09,GBP,0.770334
2024-07-10,GBP,0.772532
2024-07-11,GBP,0.771915
2024-07-12,GBP,0.772564
2024-07-13,GBP,0.773004
2024-07-14,GBP,0.772957
2024-07-15,GBP,0.771031
2024-07-16,GBP,0.769244
2024-07-17,GBP,0.772139
2024-07-18,GBP,0.772093
2024-07-19,GBP,0.772193
2024-07-20,GBP,0.77226
2024-07-21,GBP,0.769437
2024-07-22,GBP,0.76749
2024-07-23,GBP,0.767906
2024-07-24,GBP,0.768398
2024-07-25,GBP,0.766813
2024-07-26,GBP,0.766644
2024-07-27,GBP,0.765549
2024-07-28,GBP,0.765799
2024-07-29,GBP,0.763701
2024-07-30,GBP,0.763126
2024-07-31,GBP,0.763335
2024-08-01,GBP,0.761598
2024-08-02,GBP,0.75977
2024-08-03,GBP,0.75805
2024-08-04,GBP,0.760675
2024-08-05,GBP,0.760548
2024-08-06,GBP,0.760253
2024-08-07,GBP,0.760621
2024-08-08,GBP,0.761478
2024-08-09,GBP,0.760602
2024-08-10,GBP,0.759317
2024-08-11,GBP,0.759318
2024-08-12,GBP,0.761398
2024-08-13,GBP,0.761419
2024-08-14,GBP,0.760323
2024-08-15,GBP,0.75936
2024-08-16,GBP,0.759967
2024-08-17,GBP,0.759882
2024-08-18,GBP,0.759309
2024-08-19,GBP,0.758845
2024-08-20,GBP,0.759809
2024-08-21,GBP,0.760333
2024-08-22,GBP,0.760142
2024-08-23,GBP,0.759218
2024-08-24,GBP,0.75813
2024-08-25,GBP,0.76082
2024-08-26,GBP,0.759609
2024-08-27,GBP,0.759859
2024-08-28,GBP,0.759483
2024-08-29,GBP,0.758384
2024-08-30,GBP,0.759108
2024-08-31,GBP,0.758407
2024-09-01,GBP,0.756461
2024-09-02,GBP,0.75859
2024-09-03,GBP,0.758514
2024-09-04,GBP,0.758369
2024-09-05,GBP,0.75891
2024-09-06,GBP,0.761165
2024-09-07,GBP,0.760966
2024-09-08,GBP,0.756287
2024-09-09,GBP,0.752902
2024-09-10,GBP,0.754154
2024-09-11,GBP,0.754246
2024-09-12,GBP,0.753124
2024-09-13,GBP,0.750061
2024-09-14,GBP,0.749359
2024-09-15,GBP,0.74894
2024-09-16,GBP,0.748586
2024-09-17,GBP,0.74973
2024-09-18,GBP,0.748263
2024-09-19,GBP,0.747193
2024-09-20,GBP,0.745484
2024-09-21,GBP,0.744813
2024-09-22,GBP,0.744345
2024-09-23,GBP,0.745237
2024-09-24,GBP,0.742947
2024-09-25,GBP,0.745978
2024-09-26,GBP,0.749457
2024-09-27,GBP,0.7491
2024-09-28,GBP,0.747778
2024-09-29,GBP,0.748561
2024-09-30,GBP,0.750748
2024-10-01,GBP,0.750682
2024-10-02,GBP,0.751608
2024-10-03,GBP,0.753262
2024-10-04,GBP,0.750377
2024-10-05,GBP,0.750593
2024-10-06,GBP,0.75097
2024-10-07,GBP,0.751231
2024-10-08,GBP,0.751826
2024-10-09,GBP,0.752591
2024-10-10,GBP,0.755163
2024-10-11,GBP,0.755478
2024-10-12,GBP,0.756072
2024-10-13,GBP,0.754124
2024-10-14,GBP,0.752804
2024-10-15,GBP,0.751977
2024-10-16,GBP,0.750406
2024-10-17,GBP,0.750285
2024-10-18,GBP,0.751019
2024-10-19,GBP,0.75036
2024-10-20,GBP,0.750506
2024-10-21,GBP,0.750672
2024-10-22,GBP,0.752181
2024-10-23,GBP,0.752851
2024-10-24,GBP,0.749794
2024-10-25,GBP,0.747453
2024-10-26,GBP,0.748848
2024-10-27,GBP,0.752773
2024-10-28,GBP,0.756225
2024-10-29,GBP,0.756554
2024-10-30,GBP,0.755832
2024-10-31,GBP,0.758854
2024-11-01,GBP,0.756616
2024-11-02,GBP,0.755963
2024-11-03,GBP,0.754011
2024-11-04,GBP,0.751697
2024-11-05,GBP,0.75305
2024-11-06,GBP,0.753335
2024-11-07,GBP,0.752558
2024-11-08,GBP,0.755533
2024-11-09,GBP,0.753749
2024-11-10,GBP,0.754384
2024-11-11,GBP,0.756629
2024-11-12,GBP,0.75943
2024-11-13,GBP,0.759517
2024-11-14,GBP,0.75943
2024-11-15,GBP,0.759773
2024-11-16,GBP,0.759438
2024-11-17,GBP,0.759444
2024-11-18,GBP,0.759566
2024-11-19,GBP,0.757928
2024-11-20,GBP,0.758282
2024-11-21,GBP,0.757589
2024-11-22,GBP,0.757587
2024-11-23,GBP,0.758169
2024-11-24,GBP,0.756543
2024-11-25,GBP,0.75705
2024-11-26,GBP,0.757338
2024-11-27,GBP,0.753964
2024-11-28,GBP,0.754701
2024-11-29,GBP,0.753722
2024-11-30,GBP,0.752582
2024-12-01,GBP,0.752
2024-12-02,GBP,0.749918
2024-12-03,GBP,0.751909
2024-12-04,GBP,0.754403
2024-12-05,GBP,0.756012
2024-12-06,GBP,0.75634
2024-12-07,GBP,0.759379
2024-12-08,GBP,0.762075
2024-12-09,GBP,0.762887
2024-12-10,GBP,0.76201
2024-12-11,GBP,0.762329
2024-12-12,GBP,0.765753
2024-12-13,GBP,0.768203
2024-12-14,GBP,0.76697
2024-12-15,GBP,0.763356
2024-12-16,GBP,0.762997
2024-12-17,GBP,0.76389
2024-12-18,GBP,0.763436
2024-12-19,GBP,0.764369
2024-12-20,GBP,0.763314
2024-12-21,GBP,0.761075
2024-12-22,GBP,0.761638
2024-12-23,GBP,0.762827
2024-12-24,GBP,0.76145
2024-12-25,GBP,0.761993
2024-12-26,GBP,0.763338
2024-12-27,GBP,0.764181
2024-12-28,GBP,0.763473
2024-12-29,GBP,0.764188
2024-12-30,GBP,0.763685
2024-12-31,GBP,0.763254
2025-01-01,GBP,0.763325
2025-01-02,GBP,0.761156
2025-01-03,GBP,0.761442
2025-01-04,GBP,0.761814
2025-01-05,GBP,0.761176
2025-01-06,GBP,0.761807
2025-01-07,GBP,0.76143
2025-01-08,GBP,0.760811
2025-01-09,GBP,0.761266
2025-01-10,GBP,0.760808
2025-01-11,GBP,0.763834
2025-01-12,GBP,0.763079
2025-01-13,GBP,0.763762
2025-01-14,GBP,0.765419
2025-01-15,GBP,0.764073
2025-01-16,GBP,0.764507
2025-01-17,GBP,0.762613
2025-01-18,GBP,0.764606
2025-01-19,GBP,0.766471
2025-01-20,GBP,0.768414
2025-01-21,GBP,0.767928
2025-01-22,GBP,0.766802
2025-01-23,GBP,0.768222
2025-01-24,GBP,0.766447
2025-01-25,GBP,0.764749
2025-01-26,GBP,0.76538
2025-01-27,GBP,0.764944
2025-01-28,GBP,0.764774
2025-01-29,GBP,0.763062
2025-01-30,GBP,0.763556
2025-01-31,GBP,0.763915
2025-02-01,GBP,0.764164
2025-02-02,GBP,0.765103
2025-02-03,GBP,0.763487
2025-02-04,GBP,0.765448
2025-02-05,GBP,0.769096
2025-02-06,GBP,0.768109
2025-02-07,GBP,0.770757
2025-02-08,GBP,0.768707
2025-02-09,GBP,0.767481
2025-02-10,GBP,0.766274
2025-02-11,GBP,0.765425
2025-02-12,GBP,0.765309
2025-02-13,GBP,0.765921
2025-02-14,GBP,0.766116
2025-02-15,GBP,0.767159
2025-02-16,GBP,0.765969
2025-02-17,GBP,0.767502
2025-02-18,GBP,0.76781
2025-02-19,GBP,0.768661
2025-02-20,GBP,0.768587
2025-02-21,GBP,0.768816
2025-02-22,GBP,0.770714
2025-02-23,GBP,0.771949
2025-02-24,GBP,0.768918
2025-02-25,GBP,0.769011
2025-02-26,GBP,0.770378
2025-02-27,GBP,0.769292
2025-02-28,GBP,0.772407
2025-03-01,GBP,0.773866
2025-03-02,GBP,0.775175
2025-03-03,GBP,0.777022
2025-03-04,GBP,0.775863
2025-03-05,GBP,0.774961
2025-03-06,GBP,0.774489
2025-03-07,GBP,0.776097
2025-03-08,GBP,0.775951
2025-03-09,GBP,0.774202
2025-03-10,GBP,0.774337
2025-03-11,GBP,0.774992
2025-03-12,GBP,0.774342
2025-03-13,GBP,0.770857
2025-03-14,GBP,0.774603
2025-03-15,GBP,0.775785
2025-03-16,GBP,0.775753
2025-03-17,GBP,0.77654
2025-03-18,GBP,0.77818
2025-03-19,GBP,0.778011
2025-03-20,GBP,0.778283
2025-03-21,GBP,0.777562
2025-03-22,GBP,0.777047
2025-03-23,GBP,0.777251
2025-03-24,GBP,0.777915
2025-03-25,GBP,0.779832
2025-03-26,GBP,0.783249
2025-03-27,GBP,0.785486
2025-03-28,GBP,0.788889
2025-03-29,GBP,0.788034
2025-03-30,GBP,0.790229
2025-03-31,GBP,0.791206
2025-04-01,GBP,0.792159
2025-04-02,GBP,0.794988
2025-04-03,GBP,0.793834
2025-04-04,GBP,0.792647
2025-04-05,GBP,0.789466
2025-04-06,GBP,0.788172
2025-04-07,GBP,0.787843
2025-04-08,GBP,0.786755
2025-04-09,GBP,0.787413
2025-04-10,GBP,0.787628
2025-04-11,GBP,0.787998
2025-04-12,GBP,0.788343
2025-04-13,GBP,0.790481
2025-04-14,GBP,0.790855
2025-04-15,GBP,0.79229
2025-04-16,GBP,0.793407
2025-04-17,GBP,0.79629
2025-04-18,GBP,0.793276
2025-04-19,GBP,0.794953
2025-04-20,GBP,0.79581
2025-04-21,GBP,0.795891
2025-04-22,GBP,0.796605
2025-04-23,GBP,0.796827
2025-04-24,GBP,0.798424
2025-04-25,GBP,0.799972
2025-04-26,GBP,0.798886
2025-04-27,GBP,0.800116
2025-04-28,GBP,0.799679
2025-04-29,GBP,0.798626
2025-04-30,GBP,0.79894
2025-05-01,GBP,0.799258
2025-05-02,GBP,0.798969
2025-05-03,GBP,0.796928
2025-05-04,GBP,0.796077
2025-05-05,GBP,0.794242
2025-05-06,GBP,0.79282
2025-05-07,GBP,0.791925
2025-05-08,GBP,0.791621
2025-05-09,GBP,0.791811
2025-05-10,GBP,0.792954
2025-05-11,GBP,0.79078
2025-05-12,GBP,0.794772
2025-05-13,GBP,0.795905
2025-05-14,GBP,0.79488
2025-05-15,GBP,0.797125
2025-05-16,GBP,0.795765
2025-05-17,GBP,0.796166
2025-05-18,GBP,0.794938
2025-05-19,GBP,0.794027
2025-05-20,GBP,0.798034
2025-05-21,GBP,0.796646
2025-05-22,GBP,0.79623
2025-05-23,GBP,0.796775
2025-05-24,GBP,0.798571
2025-05-25,GBP,0.799571
2025-05-26,GBP,0.801097
2025-05-27,GBP,0.802231
2025-05-28,GBP,0.801635
2025-05-29,GBP,0.801682
2025-05-30,GBP,0.799521
2025-05-31,GBP,0.801748
2025-06-01,GBP,0.803459
2025-06-02,GBP,0.801942
2025-06-03,GBP,0.80091
2025-06-04,GBP,0.797899
2025-06-05,GBP,0.797519
2025-06-06,GBP,0.794376
2025-06-07,GBP,0.796578
2025-06-08,GBP,0.798934
2025-06-09,GBP,0.800803
2025-06-10,GBP,0.798814
2025-06-11,GBP,0.800534
2025-06-12,GBP,0.802348
2025-06-13,GBP,0.7992
2025-06-14,GBP,0.798747
2025-06-15,GBP,0.798488
2025-06-16,GBP,0.796993
2025-06-17,GBP,0.796057
2025-06-18,GBP,0.795307
2025-06-19,GBP,0.795552
2025-06-20,GBP,0.798405
2025-06-21,GBP,0.79611
2025-06-22,GBP,0.79492
2025-06-23,GBP,0.79865
2025-06-24,GBP,0.79904
2025-06-25,GBP,0.797696
2025-06-26,GBP,0.797649
2025-06-27,GBP,0.796683
2025-06-28,GBP,0.795204
2025-06-29,GBP,0.793942
2025-06-30,GBP,0.794024
2025-07-01,GBP,0.793912
2025-07-02,GBP,0.794275
2025-07-03,GBP,0.792894
2025-07-04,GBP,0.793025
2025-07-05,GBP,0.791076
2025-07-06,GBP,0.787523
2025-07-07,GBP,0.786074
2025-07-08,GBP,0.783672
2025-07-09,GBP,0.783962
2025-07-10,GBP,0.785011
2025-07-11,GBP,0.78501
2025-07-12,GBP,0.784171
2025-07-13,GBP,0.788089
2025-07-14,GBP,0.787588
2025-07-15,GBP,0.790614
2025-07-16,GBP,0.789752
2025-07-17,GBP,0.789438
2025-07-18,GBP,0.790296
2025-07-19,GBP,0.792862
2025-07-20,GBP,0.791758
2025-07-21,GBP,0.793433
2025-07-22,GBP,0.792573
2025-07-23,GBP,0.790973
2025-07-24,GBP,0.787883
2025-07-25,GBP,0.789803
2025-07-26,GBP,0.78943
2025-07-27,GBP,0.78888
2025-07-28,GBP,0.787693
2025-07-29,GBP,0.786444
2025-07-30,GBP,0.786328
2025-07-31,GBP,0.787037
2025-08-01,GBP,0.789514
2025-08-02,GBP,0.78993
2025-08-03,GBP,0.790041
2025-08-04,GBP,0.789623
2025-08-05,GBP,0.789063
2025-08-06,GBP,0.78818
2025-08-07,GBP,0.78803
2025-08-08,GBP,0.787606
2025-08-09,GBP,0.793067
2025-08-10,GBP,0.792435
2025-08-11,GBP,0.792492
2025-08-12,GBP,0.792464
2025-08-13,GBP,0.794221
2025-08-14,GBP,0.793112
2025-08-15,GBP,0.791369
2025-08-16,GBP,0.791493
2025-08-17,GBP,0.79173
2025-08-18,GBP,0.791629
2025-08-19,GBP,0.791891
2025-08-20,GBP,0.794279
2025-08-21,GBP,0.793686
2025-08-22,GBP,0.791883
2025-08-23,GBP,0.792332
2025-08-24,GBP,0.791618
2025-08-25,GBP,0.789494
2025-08-26,GBP,0.786579
2025-08-27,GBP,0.784592
2025-08-28,GBP,0.783011
2025-08-29,GBP,0.784997
2025-08-30,GBP,0.786322
2025-08-31,GBP,0.784423
2025-09-01,GBP,0.782685
2025-09-02,GBP,0.783122
2025-09-03,GBP,0.785211
2025-09-04,GBP,0.788238
2025-09-05,GBP,0.788868
2025-09-06,GBP,0.788875
2025-09-07,GBP,0.787748
2025-09-08,GBP,0.788055
2025-09-09,GBP,0.784766
2025-09-10,GBP,0.784436
2025-09-11,GBP,0.783422
2025-09-12,GBP,0.782554
2025-09-13,GBP,0.781719
2025-09-14,GBP,0.783796
2025-09-15,GBP,0.783062
2025-09-16,GBP,0.783191
2025-09-17,GBP,0.782578
2025-09-18,GBP,0.781928
2025-09-19,GBP,0.782861
2025-09-20,GBP,0.781264
2025-09-21,GBP,0.778874
2025-09-22,GBP,0.776688
2025-09-23,GBP,0.778243
2025-09-24,GBP,0.78036
2025-09-25,GBP,0.781183
2025-09-26,GBP,0.780801
2025-09-27,GBP,0.779986
2025-09-28,GBP,0.780575
2025-09-29,GBP,0.780374
2025-09-30,GBP,0.779045
2025-10-01,GBP,0.778134
2025-10-02,GBP,0.779014
2025-10-03,GBP,0.778869
2025-10-04,GBP,0.777539
2025-10-05,GBP,0.777744
2025-10-06,GBP,0.780028
2025-10-07,GBP,0.778482
2025-10-08,GBP,0.780943
2025-10-09,GBP,0.779292
2025-10-10,GBP,0.780098
2025-10-11,GBP,0.78269
2025-10-12,GBP,0.781332
2025-10-13,GBP,0.780063
2025-10-14,GBP,0.781219
2025-10-15,GBP,0.779452
2025-10-16,GBP,0.779923
2025-10-17,GBP,0.779861
2025-10-18,GBP,0.782186
2025-10-19,GBP,0.784261
2025-10-20,GBP,0.783999
2025-10-21,GBP,0.784951
2025-10-22,GBP,0.783494
2025-10-23,GBP,0.783426
2025-10-24,GBP,0.782055
2025-10-25,GBP,0.781584
2025-10-26,GBP,0.782433
2025-10-27,GBP,0.779857
2025-10-28,GBP,0.780896
2025-10-29,GBP,0.780826
2025-10-30,GBP,0.777464
2025-10-31,GBP,0.775903
2025-11-01,GBP,0.775508
2025-11-02,GBP,0.776343
2025-11-03,GBP,0.776183
2025-11-04,GBP,0.777343
2025-11-05,GBP,0.777384
2025-11-06,GBP,0.777455
2025-11-07,GBP,0.775723
2025-11-08,GBP,0.776546
2025-11-09,GBP,0.778527
2025-11-10,GBP,0.77869
2025-11-11,GBP,0.778246
2025-11-12,GBP,0.778146
2025-11-13,GBP,0.779355
2025-11-14,GBP,0.778601
2025-11-15,GBP,0.778662
2025-11-16,GBP,0.77624
2025-11-17,GBP,0.77789
2025-11-18,GBP,0.780944
2025-11-19,GBP,0.777534
2025-11-20,GBP,0.776263
2025-11-21,GBP,0.777766
2025-11-22,GBP,0.778887
2025-11-23,GBP,0.777892
2025-11-24,GBP,0.778309
2025-11-25,GBP,0.77909
2025-11-26,GBP,0.780556
2025-11-27,GBP,0.777682
2025-11-28,GBP,0.775856
2025-11-29,GBP,0.776404
2025-11-30,GBP,0.777389
2025-12-01,GBP,0.77999
2025-12-02,GBP,0.781533
2025-12-03,GBP,0.780668
2025-12-04,GBP,0.78119
2025-12-05,GBP,0.781835
2025-12-06,GBP,0.780848
2025-12-07,GBP,0.778385
2025-12-08,GBP,0.779827
2025-12-09,GBP,0.778038
2025-12-10,GBP,0.777579
2025-12-11,GBP,0.777121
2025-12-12,GBP,0.777947
2025-12-13,GBP,0.777884
2025-12-14,GBP,0.780979
2025-12-15,GBP,0.779826
2025-12-16,GBP,0.776947
2025-12-17,GBP,0.776781
2025-12-18,GBP,0.776233
2025-12-19,GBP,0.774869
2025-12-20,GBP,0.772098
2025-12-21,GBP,0.771477
2025-12-22,GBP,0.771999
2025-12-23,GBP,0.770022
2025-12-24,GBP,0.770385
2025-12-25,GBP,0.771941
2025-12-26,GBP,0.7702
2025-12-27,GBP,0.770865
2025-12-28,GBP,0.770338
2025-12-29,GBP,0.769078
2025-12-30,GBP,0.768981
2025-12-31,GBP,0.765935
2024-01-01,INR,83.537704
2024-01-02,INR,83.652313
2024-01-03,INR,83.486663
2024-01-04,INR,83.736452
2024-01-05,INR,83.92948
2024-01-06,INR,84.096308
2024-01-07,INR,84.258589
2024-01-08,INR,84.295163
2024-01-09,INR,84.392543
2024-01-10,INR,84.31049
2024-01-11,INR,84.23349
2024-01-12,INR,84.419237
2024-01-13,INR,84.351455
2024-01-14,INR,84.622567
2024-01-15,INR,84.444227
2024-01-16,INR,84.180069
2024-01-17,INR,84.293398
2024-01-18,INR,84.674672
2024-01-19,INR,84.836089
2024-01-20,INR,84.72821
2024-01-21,INR,84.882674
2024-01-22,INR,84.954097
2024-01-23,INR,84.809394
2024-01-24,INR,84.742298
2024-01-25,INR,84.766448
2024-01-26,INR,84.765238
2024-01-27,INR,84.702021
2024-01-28,INR,84.66961
2024-01-29,INR,84.86715
2024-01-30,INR,84.818323
2024-01-31,INR,84.755247
2024-02-01,INR,84.543513
2024-02-02,INR,84.443526
2024-02-03,INR,84.509271
2024-02-04,INR,84.374326
2024-02-05,INR,84.316127
2024-02-06,INR,84.332865
2024-02-07,INR,84.425051
2024-02-08,INR,84.542787
2024-02-09,INR,84.724329
2024-02-10,INR,84.980685
2024-02-11,INR,85.188791
2024-02-12,INR,85.191696
2024-02-13,INR,84.930901
2024-02-14,INR,85.032487
2024-02-15,INR,84.845426
2024-02-16,INR,84.899846
2024-02-17,INR,85.071901
2024-02-18,INR,84.827127
2024-02-19,INR,84.905765
2024-02-20,INR,85.082211
2024-02-21,INR,85.050916
2024-02-22,INR,84.938894
2024-02-23,INR,84.951808
2024-02-24,INR,84.94757
2024-02-25,INR,85.156778
2024-02-26,INR,84.954845
2024-02-27,INR,84.808754
2024-02-28,INR,84.794827
2024-02-29,INR,84.742833
2024-03-01,INR,84.614907
2024-03-02,INR,84.721087
2024-03-03,INR,84.73418
2024-03-04,INR,84.66536
2024-03-05,INR,84.685645
2024-03-06,INR,84.532389
2024-03-07,INR,84.761321
2024-03-08,INR,84.912023
2024-03-09,INR,84.948672
2024-03-10,INR,84.758811
2024-03-11,INR,84.960478
2024-03-12,INR,84.838771
2024-03-13,INR,85.045282
2024-03-14,INR,84.972425
2024-03-15,INR,84.834681
2024-03-16,INR,84.705154
2024-03-17,INR,84.868877
2024-03-18,INR,85.200353
2024-03-19,INR,85.102576
2024-03-20,INR,85.163547
2024-03-21,INR,85.090111
2024-03-22,INR,84.787975
2024-03-23,INR,84.720577
2024-03-24,INR,84.926461
2024-03-25,INR,85.263706
2024-03-26,INR,85.148968
2024-03-27,INR,84.969693
2024-03-28,INR,85.178115
2024-03-29,INR,85.483595
2024-03-30,INR,85.633253
2024-03-31,INR,85.872843
2024-04-01,INR,85.866775
2024-04-02,INR,85.672628
2024-04-03,INR,85.602898
2024-04-04,INR,85.634161
2024-04-05,INR,85.451919
2024-04-06,INR,85.398524
2024-04-07,INR,85.296526
2024-04-08,INR,85.098767
2024-04-09,INR,84.913395
2024-04-10,INR,84.792618
2024-04-11,INR,84.618756
2024-04-12,INR,84.905625
2024-04-13,INR,84.975234
2024-04-14,INR,85.217535
2024-04-15,INR,85.238903
2024-04-16,INR,85.112435
2024-04-17,INR,84.70965
2024-04-18,INR,84.924489
2024-04-19,INR,85.053863
2024-04-20,INR,84.952185
2024-04-21,INR,84.956285
2024-04-22,INR,84.948381
2024-04-23,INR,84.941792
2024-04-24,INR,84.656261
2024-04-25,INR,84.657412
2024-04-26,INR,84.603766
2024-04-27,INR,84.363364
2024-04-28,INR,84.443105
2024-04-29,INR,84.089822
2024-04-30,INR,84.036835
2024-05-01,INR,84.115232
2024-05-02,INR,84.0521
2024-05-03,INR,84.202316
2024-05-04,INR,84.217345
2024-05-05,INR,84.277382
2024-05-06,INR,84.341803
2024-05-07,INR,84.260057
2024-05-08,INR,84.49438
2024-05-09,INR,84.703037
2024-05-10,INR,84.700366
2024-05-11,INR,84.607595
2024-05-12,INR,84.750753
2024-05-13,INR,84.918695
2024-05-14,INR,84.887209
2024-05-15,INR,84.900057
2024-05-16,INR,84.888488
2024-05-17,INR,84.842859
2024-05-18,INR,85.16629
2024-05-19,INR,85.081089
2024-05-20,INR,85.049753
2024-05-21,INR,85.028305
2024-05-22,INR,85.061492
2024-05-23,INR,84.944487
2024-05-24,INR,84.727732
2024-05-25,INR,84.537535
2024-05-26,INR,85.091653
2024-05-27,INR,85.055749
2024-05-28,INR,85.174087
2024-05-29,INR,85.033361
2024-05-30,INR,85.013814
2024-05-31,INR,85.137207
2024-06-01,INR,85.276191
2024-06-02,INR,85.277384
2024-06-03,INR,85.2569
2024-06-04,INR,85.292901
2024-06-05,INR,85.348243
2024-06-06,INR,85.119449
2024-06-07,INR,85.018888
2024-06-08,INR,85.01397
2024-06-09,INR,85.073043
2024-06-10,INR,85.188879
2024-06-11,INR,85.023658
2024-06-12,INR,84.882405
2024-06-13,INR,84.973094
2024-06-14,INR,84.910778
2024-06-15,INR,85.046066
2024-06-16,INR,85.07603
2024-06-17,INR,84.966676
2024-06-18,INR,85.125954
2024-06-19,INR,85.595769
2024-06-20,INR,85.676054
2024-06-21,INR,85.626605
2024-06-22,INR,85.765877
2024-06-23,INR,86.041496
2024-06-24,INR,85.882588
2024-06-25,INR,85.994274
2024-06-26,INR,86.32508
2024-06-27,INR,86.515928
2024-06-28,INR,86.141254
2024-06-29,INR,86.277529
2024-06-30,INR,86.177246
2024-07-01,INR,85.914973
2024-07-02,INR,85.737935
2024-07-03,INR,85.588844
2024-07-04,INR,85.638117
2024-07-05,INR,85.432712
2024-07-06,INR,85.562683
2024-07-07,INR,85.401548
2024-07-08,INR,85.514614
2024-07-09,INR,85.656797
2024-07-10,INR,85.857206
2024-07-11,INR,85.874866
2024-07-12,INR,85.682286
2024-07-13,INR,85.48214
2024-07-14,INR,85.460901
2024-07-15,INR,85.327282
2024-07-16,INR,85.04993
2024-07-17,INR,84.894163
2024-07-18,INR,84.970232
2024-07-19,INR,85.305776
2024-07-20,INR,85.222589
2024-07-21,INR,85.308867
2024-07-22,INR,85.397807
2024-07-23,INR,85.329512
2024-07-24,INR,85.544981
2024-07-25,INR,85.787873
2024-07-26,INR,85.474709
2024-07-27,INR,85.845933
2024-07-28,INR,86.137781
2024-07-29,INR,85.712706
2024-07-30,INR,85.722493
2024-07-31,INR,85.726443
2024-08-01,INR,85.813832
2024-08-02,INR,86.068051
2024-08-03,INR,86.353486
2024-08-04,INR,86.294648
2024-08-05,INR,86.316098
2024-08-06,INR,86.199095
2024-08-07,INR,85.952458
2024-08-08,INR,85.778363
2024-08-09,INR,86.022748
2024-08-10,INR,85.548975
2024-08-11,INR,85.417433
2024-08-12,INR,85.430608
2024-08-13,INR,85.503948
2024-08-14,INR,85.396783
2024-08-15,INR,85.32513
2024-08-16,INR,85.194075
2024-08-17,INR,85.236861
2024-08-18,INR,85.147205
2024-08-19,INR,85.088016
2024-08-20,INR,84.764245
2024-08-21,INR,84.81819
2024-08-22,INR,84.493523
2024-08-23,INR,84.610675
2024-08-24,INR,84.486332
2024-08-25,INR,84.570386
2024-08-26,INR,84.867747
2024-08-27,INR,85.030419
2024-08-28,INR,85.190647
2024-08-29,INR,85.00226
2024-08-30,INR,84.940858
2024-08-31,INR,84.879095
2024-09-01,INR,85.174169
2024-09-02,INR,85.244175
2024-09-03,INR,85.146823
2024-09-04,INR,85.314839
2024-09-05,INR,85.330462
2024-09-06,INR,85.450759
2024-09-07,INR,85.34285
2024-09-08,INR,85.2404
2024-09-09,INR,85.301251
2024-09-10,INR,85.199143
2024-09-11,INR,85.13059
2024-09-12,INR,85.015936
2024-09-13,INR,84.643245
2024-09-14,INR,84.565688
2024-09-15,INR,84.493573
2024-09-16,INR,84.652575
2024-09-17,INR,84.748527
2024-09-18,INR,84.930473
2024-09-19,INR,85.162022
2024-09-20,INR,85.212571
2024-09-21,INR,85.077502
2024-09-22,INR,85.43484
2024-09-23,INR,85.209064
2024-09-24,INR,85.178287
2024-09-25,INR,84.771672
2024-09-26,INR,84.972082
2024-09-27,INR,84.437003
2024-09-28,INR,84.718451
2024-09-29,INR,84.762826
2024-09-30,INR,84.546957
2024-10-01,INR,84.485165
2024-10-02,INR,84.666024
2024-10-03,INR,84.93776
2024-10-04,INR,84.839332
2024-10-05,INR,84.826048
2024-10-06,INR,84.915316
2024-10-07,INR,84.789393
2024-10-08,INR,84.824901
2024-10-09,INR,84.591603
2024-10-10,INR,84.695215
2024-10-11,INR,84.659585
2024-10-12,INR,84.423111
2024-10-13,INR,84.37083
2024-10-14,INR,84.516471
2024-10-15,INR,84.428066
2024-10-16,INR,84.538102
2024-10-17,INR,84.435118
2024-10-18,INR,84.190461
2024-10-19,INR,84.05698
2024-10-20,INR,83.878954
2024-10-21,INR,83.933508
2024-10-22,INR,84.078776
2024-10-23,INR,84.081064
2024-10-24,INR,84.057708
2024-10-25,INR,84.073763
2024-10-26,INR,84.104353
2024-10-27,INR,84.261059
2024-10-28,INR,84.407724
2024-10-29,INR,84.190806
2024-10-30,INR,84.193741
2024-10-31,INR,84.176512
2024-11-01,INR,84.136378
2024-11-02,INR,84.084574
2024-11-03,INR,84.035413
2024-11-04,INR,83.955806
2024-11-05,INR,84.077769
2024-11-06,INR,83.977916
2024-11-07,INR,83.877136
2024-11-08,INR,84.052802
2024-11-09,INR,84.265033
2024-11-10,INR,84.237928
2024-11-11,INR,84.062982
2024-11-12,INR,84.08769
2024-11-13,INR,83.851605
2024-11-14,INR,83.925654
2024-11-15,INR,83.669466
2024-11-16,INR,83.761666
2024-11-17,INR,83.601072
2024-11-18,INR,83.340551
2024-11-19,INR,83.18902
2024-11-20,INR,83.032834
2024-11-21,INR,83.055527
2024-11-22,INR,83.191608
2024-11-23,INR,83.022988
2024-11-24,INR,82.913645
2024-11-25,INR,82.63073
2024-11-26,INR,82.980364
2024-11-27,INR,82.706037
2024-11-28,INR,82.641329
2024-11-29,INR,82.674757
2024-11-30,INR,82.736615
2024-12-01,INR,82.657955
2024-12-02,INR,82.879978
2024-12-03,INR,82.867632
2024-12-04,INR,82.691861
2024-12-05,INR,82.596955
2024-12-06,INR,82.647915
2024-12-07,INR,82.673001
2024-12-08,INR,82.539786
2024-12-09,INR,82.726765
2024-12-10,INR,82.883649
2024-12-11,INR,83.025455
2024-12-12,INR,83.162197
2024-12-13,INR,83.370333
2024-12-14,INR,83.558741
2024-12-15,INR,83.437368
2024-12-16,INR,83.202755
2024-12-17,INR,83.37988
2024-12-18,INR,83.445253
2024-12-19,INR,83.63007
2024-12-20,INR,83.663395
2024-12-21,INR,83.842088
2024-12-22,INR,83.764874
2024-12-23,INR,83.864362
2024-12-24,INR,83.72655
2024-12-25,INR,83.388175
2024-12-26,INR,83.014359
2024-12-27,INR,82.847077
2024-12-28,INR,82.913341
2024-12-29,INR,82.891007
2024-12-30,INR,82.893627
2024-12-31,INR,83.061795
2025-01-01,INR,82.992876
2025-01-02,INR,82.937017
2025-01-03,INR,82.943402
2025-01-04,INR,83.304123
2025-01-05,INR,83.199742
2025-01-06,INR,82.976886
2025-01-07,INR,82.90507
2025-01-08,INR,82.788466
2025-01-09,INR,82.970395
2025-01-10,INR,83.231445
2025-01-11,INR,82.984884
2025-01-12,INR,82.872682
2025-01-13,INR,83.016136
2025-01-14,INR,83.009248
2025-01-15,INR,83.038966
2025-01-16,INR,83.131897
2025-01-17,INR,83.180442
2025-01-18,INR,83.340598
2025-01-19,INR,83.192593
2025-01-20,INR,83.320424
2025-01-21,INR,83.081796
2025-01-22,INR,83.428259
2025-01-23,INR,83.483114
2025-01-24,INR,83.269124
2025-01-25,INR,83.231287
2025-01-26,INR,83.349649
2025-01-27,INR,83.587893
2025-01-28,INR,83.572799
2025-01-29,INR,83.50781
2025-01-30,INR,83.427743
2025-01-31,INR,83.511
2025-02-01,INR,83.356406
2025-02-02,INR,83.454255
2025-02-03,INR,83.73506
2025-02-04,INR,84.189365
2025-02-05,INR,84.409222
2025-02-06,INR,84.487191
2025-02-07,INR,84.623707
2025-02-08,INR,84.712084
2025-02-09,INR,84.392412
2025-02-10,INR,84.489433
2025-02-11,INR,84.406485
2025-02-12,INR,84.303493
2025-02-13,INR,84.255785
2025-02-14,INR,84.184894
2025-02-15,INR,84.031594
2025-02-16,INR,83.954062
2025-02-17,INR,83.871701
2025-02-18,INR,83.950401
2025-02-19,INR,83.777629
2025-02-20,INR,83.869178
2025-02-21,INR,83.942582
2025-02-22,INR,84.242055
2025-02-23,INR,84.284795
2025-02-24,INR,84.242471
2025-02-25,INR,84.783281
2025-02-26,INR,84.600496
2025-02-27,INR,84.500989
2025-02-28,INR,84.438178
2025-03-01,INR,84.307228
2025-03-02,INR,84.080264
2025-03-03,INR,84.373972
2025-03-04,INR,84.660853
2025-03-05,INR,84.318412
2025-03-06,INR,84.368055
2025-03-07,INR,84.401639
2025-03-08,INR,84.509266
2025-03-09,INR,84.632879
2025-03-10,INR,84.741047
2025-03-11,INR,84.746866
2025-03-12,INR,84.84454
2025-03-13,INR,84.664492
2025-03-14,INR,84.937478
2025-03-15,INR,84.775123
2025-03-16,INR,84.778676
2025-03-17,INR,84.939892
2025-03-18,INR,85.013673
2025-03-19,INR,85.048265
2025-03-20,INR,84.865655
2025-03-21,INR,84.921486
2025-03-22,INR,84.867156
2025-03-23,INR,84.754254
2025-03-24,INR,85.09323
2025-03-25,INR,85.212684
2025-03-26,INR,85.601593
2025-03-27,INR,86.071725
2025-03-28,INR,86.083483
2025-03-29,INR,86.272366
2025-03-30,INR,86.240356
2025-03-31,INR,86.326736
2025-04-01,INR,86.270733
2025-04-02,INR,86.034443
2025-04-03,INR,85.93195
2025-04-04,INR,86.094013
2025-04-05,INR,86.361243
2025-04-06,INR,86.433739
2025-04-07,INR,86.726325
2025-04-08,INR,86.698502
2025-04-09,INR,86.742294
2025-04-10,INR,86.849647
2025-04-11,INR,87.015745
2025-04-12,INR,87.071682
2025-04-13,INR,87.187562
2025-04-14,INR,87.140942
2025-04-15,INR,86.974246
2025-04-16,INR,87.171315
2025-04-17,INR,87.265251
2025-04-18,INR,87.247434
2025-04-19,INR,87.1198
2025-04-20,INR,87.168391
2025-04-21,INR,87.198839
2025-04-22,INR,87.616415
2025-04-23,INR,87.529309
2025-04-24,INR,87.459425
2025-04-25,INR,87.376272
2025-04-26,INR,87.295884
2025-04-27,INR,87.022627
2025-04-28,INR,87.097193
2025-04-29,INR,86.98366
2025-04-30,INR,86.906169
2025-05-01,INR,86.634707
2025-05-02,INR,86.467504
2025-05-03,INR,86.391572
2025-05-04,INR,86.445675
2025-05-05,INR,86.456835
2025-05-06,INR,86.650371
2025-05-07,INR,86.889452
2025-05-08,INR,87.125538
2025-05-09,INR,86.947963
2025-05-10,INR,87.065659
2025-05-11,INR,87.051238
2025-05-12,INR,87.195213
2025-05-13,INR,87.289995
2025-05-14,INR,87.296797
2025-05-15,INR,87.384867
2025-05-16,INR,87.313603
2025-05-17,INR,87.24652
2025-05-18,INR,87.101331
2025-05-19,INR,87.074834
2025-05-20,INR,87.157857
2025-05-21,INR,86.956366
2025-05-22,INR,86.96425
2025-05-23,INR,87.052413
2025-05-24,INR,86.829971
2025-05-25,INR,86.803463
2025-05-26,INR,86.807425
2025-05-27,INR,86.860841
2025-05-28,INR,86.706433
2025-05-29,INR,86.61635
2025-05-30,INR,86.567175
2025-05-31,INR,86.426143
2025-06-01,INR,86.685496
2025-06-02,INR,86.855436
2025-06-03,INR,86.817477
2025-06-04,INR,87.201949
2025-06-05,INR,87.070603
2025-06-06,INR,86.999663
2025-06-07,INR,87.189023
2025-06-08,INR,87.206775
2025-06-09,INR,87.240401
2025-06-10,INR,87.245831
2025-06-11,INR,87.473394
2025-06-12,INR,87.387552
2025-06-13,INR,87.335719
2025-06-14,INR,87.398099
2025-06-15,INR,87.432053
2025-06-16,INR,87.621092
2025-06-17,INR,87.863033
2025-06-18,INR,87.914944
2025-06-19,INR,87.80997
2025-06-20,INR,87.719773
2025-06-21,INR,87.707854
2025-06-22,INR,87.87904
2025-06-23,INR,87.899841
2025-06-24,INR,87.949641
2025-06-25,INR,88.160101
2025-06-26,INR,88.252233
2025-06-27,INR,88.377471
2025-06-28,INR,88.410185
2025-06-29,INR,88.308624
2025-06-30,INR,88.419372
2025-07-01,INR,88.350065
2025-07-02,INR,88.259521
2025-07-03,INR,88.355419
2025-07-04,INR,88.419434
2025-07-05,INR,88.79523
2025-07-06,INR,89.169878
2025-07-07,INR,89.003522
2025-07-08,INR,89.307626
2025-07-09,INR,89.268086
2025-07-10,INR,89.488213
2025-07-11,INR,89.767807
2025-07-12,INR,89.971667
2025-07-13,INR,89.924638
2025-07-14,INR,89.871232
2025-07-15,INR,89.809547
2025-07-16,INR,89.842665
2025-07-17,INR,89.88422
2025-07-18,INR,89.637492
2025-07-19,INR,89.457843
2025-07-20,INR,89.602441
2025-07-21,INR,89.500696
2025-07-22,INR,88.997804
2025-07-23,INR,88.777013
2025-07-24,INR,88.599406
2025-07-25,INR,88.939853
2025-07-26,INR,88.969558
2025-07-27,INR,88.984319
2025-07-28,INR,88.964893
2025-07-29,INR,88.862957
2025-07-30,INR,89.13832
2025-07-31,INR,88.981817
2025-08-01,INR,88.935399
2025-08-02,INR,89.081805
2025-08-03,INR,89.262692
2025-08-04,INR,89.465767
2025-08-05,INR,89.747152
2025-08-06,INR,89.823436
2025-08-07,INR,89.756874
2025-08-08,INR,90.015992
2025-08-09,INR,89.489166
2025-08-10,INR,89.489691
2025-08-11,INR,89.215238
2025-08-12,INR,89.285273
2025-08-13,INR,89.429714
2025-08-14,INR,89.471673
2025-08-15,INR,89.743116
2025-08-16,INR,89.529411
2025-08-17,INR,89.606238
2025-08-18,INR,89.606877
2025-08-19,INR,89.583291
2025-08-20,INR,89.744217
2025-08-21,INR,89.544743
2025-08-22,INR,89.418458
2025-08-23,INR,89.743832
2025-08-24,INR,89.759067
2025-08-25,INR,89.436605
2025-08-26,INR,89.666195
2025-08-27,INR,89.640808
2025-08-28,INR,89.900826
2025-08-29,INR,90.06938
2025-08-30,INR,90.327603
2025-08-31,INR,90.670055
2025-09-01,INR,90.542065
2025-09-02,INR,90.521248
2025-09-03,INR,90.3645
2025-09-04,INR,90.093179
2025-09-05,INR,90.19704
2025-09-06,INR,90.29536
2025-09-07,INR,90.035705
2025-09-08,INR,90.082357
2025-09-09,INR,90.28508
2025-09-10,INR,90.171125
2025-09-11,INR,90.491627
2025-09-12,INR,90.695888
2025-09-13,INR,90.730714
2025-09-14,INR,90.708374
2025-09-15,INR,90.352752
2025-09-16,INR,90.277083
2025-09-17,INR,90.485035
2025-09-18,INR,90.639759
2025-09-19,INR,91.024615
2025-09-20,INR,91.564464
2025-09-21,INR,91.742471
2025-09-22,INR,91.671361
2025-09-23,INR,91.739851
2025-09-24,INR,91.968551
2025-09-25,INR,91.731538
2025-09-26,INR,92.099233
2025-09-27,INR,91.892982
2025-09-28,INR,91.881873
2025-09-29,INR,91.892392
2025-09-30,INR,92.201915
2025-10-01,INR,92.167906
2025-10-02,INR,91.838587
2025-10-03,INR,92.164469
2025-10-04,INR,92.157443
2025-10-05,INR,91.924392
2025-10-06,INR,91.982154
2025-10-07,INR,91.916182
2025-10-08,INR,91.909134
2025-10-09,INR,91.848529
2025-10-10,INR,91.921483
2025-10-11,INR,91.701507
2025-10-12,INR,91.562168
2025-10-13,INR,91.506294
2025-10-14,INR,91.643935
2025-10-15,INR,91.721331
2025-10-16,INR,91.706213
2025-10-17,INR,91.330265
2025-10-18,INR,91.522977
2025-10-19,INR,91.417841
2025-10-20,INR,91.28283
2025-10-21,INR,91.132259
2025-10-22,INR,91.463506
2025-10-23,INR,91.741271
2025-10-24,INR,91.749445
2025-10-25,INR,91.840343
2025-10-26,INR,91.804697
2025-10-27,INR,91.487419
2025-10-28,INR,91.38592
2025-10-29,INR,91.299564
2025-10-30,INR,91.301318
2025-10-31,INR,91.366159
2025-11-01,INR,91.361379
2025-11-02,INR,91.59188
2025-11-03,INR,91.47676
2025-11-04,INR,91.288561
2025-11-05,INR,91.220852
2025-11-06,INR,91.040651
2025-11-07,INR,90.968786
2025-11-08,INR,91.042443
2025-11-09,INR,90.923412
2025-11-10,INR,90.871984
2025-11-11,INR,90.746512
2025-11-12,INR,90.431132
2025-11-13,INR,90.710596
2025-11-14,INR,90.57817
2025-11-15,INR,90.660719
2025-11-16,INR,90.628313
2025-11-17,INR,90.922193
2025-11-18,INR,90.941844
2025-11-19,INR,91.151071
2025-11-20,INR,91.507379
2025-11-21,INR,91.69566
2025-11-22,INR,91.611464
2025-11-23,INR,91.689923
2025-11-24,INR,92.06156
2025-11-25,INR,91.896503
2025-11-26,INR,91.771315
2025-11-27,INR,91.933212
2025-11-28,INR,91.973073
2025-11-29,INR,91.846743
2025-11-30,INR,91.995076
2025-12-01,INR,92.073533
2025-12-02,INR,91.749699
2025-12-03,INR,91.730544
2025-12-04,INR,91.778845
2025-12-05,INR,91.524078
2025-12-06,INR,91.490994
2025-12-07,INR,91.682751
2025-12-08,INR,91.679288
2025-12-09,INR,91.845004
2025-12-10,INR,91.992767
2025-12-11,INR,92.281578
2025-12-12,INR,92.341188
2025-12-13,INR,92.322505
2025-12-14,INR,92.307442
2025-12-15,INR,92.122066
2025-12-16,INR,92.381558
2025-12-17,INR,92.121503
2025-12-18,INR,92.047236
2025-12-19,INR,91.754583
2025-12-20,INR,91.615661
2025-12-21,INR,91.721427
2025-12-22,INR,91.462462
2025-12-23,INR,91.464834
2025-12-24,INR,91.250488
2025-12-25,INR,91.037863
2025-12-26,INR,91.180495
2025-12-27,INR,91.348684
2025-12-28,INR,91.507678
2025-12-29,INR,91.619891
2025-12-30,INR,91.77653
2025-12-31,INR,92.206747
2024-01-01,EUR,0.918889
2024-01-02,EUR,0.916394
2024-01-03,EUR,0.916854
2024-01-04,EUR,0.919765
2024-01-05,EUR,0.921765
2024-01-06,EUR,0.925758
2024-01-07,EUR,0.929606
2024-01-08,EUR,0.930601
2024-01-09,EUR,0.930282
2024-01-10,EUR,0.93145
2024-01-11,EUR,0.931517
2024-01-12,EUR,0.928698
2024-01-13,EUR,0.930449
2024-01-14,EUR,0.931037
2024-01-15,EUR,0.931551
2024-01-16,EUR,0.933329
2024-01-17,EUR,0.935982
2024-01-18,EUR,0.936244
2024-01-19,EUR,0.937416
2024-01-20,EUR,0.935062
2024-01-21,EUR,0.934199
2024-01-22,EUR,0.932892
2024-01-23,EUR,0.930811
2024-01-24,EUR,0.927515
2024-01-25,EUR,0.92727
2024-01-26,EUR,0.926889
2024-01-27,EUR,0.922402
2024-01-28,EUR,0.921951
2024-01-29,EUR,0.922282
2024-01-30,EUR,0.919007
2024-01-31,EUR,0.917993
2024-02-01,EUR,0.921333
2024-02-02,EUR,0.923273
2024-02-03,EUR,0.92103
2024-02-04,EUR,0.920704
2024-02-05,EUR,0.924775
2024-02-06,EUR,0.92672
2024-02-07,EUR,0.927146
2024-02-08,EUR,0.929159
2024-02-09,EUR,0.931174
2024-02-10,EUR,0.92807
2024-02-11,EUR,0.930147
2024-02-12,EUR,0.931156
2024-02-13,EUR,0.931715
2024-02-14,EUR,0.933955
2024-02-15,EUR,0.932973
2024-02-16,EUR,0.932406
2024-02-17,EUR,0.934037
2024-02-18,EUR,0.934922
2024-02-19,EUR,0.931251
2024-02-20,EUR,0.934008
2024-02-21,EUR,0.933942
2024-02-22,EUR,0.932081
2024-02-23,EUR,0.93107
2024-02-24,EUR,0.92958
2024-02-25,EUR,0.931629
2024-02-26,EUR,0.932388
2024-02-27,EUR,0.933575
2024-02-28,EUR,0.932094
2024-02-29,EUR,0.931888
2024-03-01,EUR,0.933437
2024-03-02,EUR,0.934473
2024-03-03,EUR,0.933658
2024-03-04,EUR,0.934258
2024-03-05,EUR,0.932564
2024-03-06,EUR,0.932717
2024-03-07,EUR,0.935402
2024-03-08,EUR,0.935406
2024-03-09,EUR,0.932067
2024-03-10,EUR,0.934519
2024-03-11,EUR,0.934022
2024-03-12,EUR,0.932218
2024-03-13,EUR,0.932847
2024-03-14,EUR,0.936279
2024-03-15,EUR,0.938518
2024-03-16,EUR,0.936623
2024-03-17,EUR,0.934557
2024-03-18,EUR,0.934936
2024-03-19,EUR,0.938079
2024-03-20,EUR,0.937187
2024-03-21,EUR,0.938969
2024-03-22,EUR,0.936919
2024-03-23,EUR,0.936889
2024-03-24,EUR,0.936623
2024-03-25,EUR,0.935476
2024-03-26,EUR,0.934554
2024-03-27,EUR,0.930952
2024-03-28,EUR,0.932801
2024-03-29,EUR,0.933726
2024-03-30,EUR,0.932302
2024-03-31,EUR,0.930206
2024-04-01,EUR,0.930392
2024-04-02,EUR,0.929348
2024-04-03,EUR,0.933285
2024-04-04,EUR,0.931826
2024-04-05,EUR,0.933541
2024-04-06,EUR,0.935468
2024-04-07,EUR,0.93767
2024-04-08,EUR,0.937346
2024-04-09,EUR,0.938872
2024-04-10,EUR,0.939412
2024-04-11,EUR,0.93934
2024-04-12,EUR,0.941204
2024-04-13,EUR,0.942785
2024-04-14,EUR,0.941077
2024-04-15,EUR,0.939793
2024-04-16,EUR,0.941143
2024-04-17,EUR,0.94474
2024-04-18,EUR,0.943559
2024-04-19,EUR,0.944596
2024-04-20,EUR,0.946751
2024-04-21,EUR,0.946131
2024-04-22,EUR,0.948527
2024-04-23,EUR,0.951037
2024-04-24,EUR,0.95107
2024-04-25,EUR,0.95202
2024-04-26,EUR,0.954406
2024-04-27,EUR,0.955098
2024-04-28,EUR,0.953193
2024-04-29,EUR,0.952366
2024-04-30,EUR,0.952892
2024-05-01,EUR,0.956697
2024-05-02,EUR,0.955296
2024-05-03,EUR,0.954783
2024-05-04,EUR,0.960244
2024-05-05,EUR,0.962832
2024-05-06,EUR,0.963719
2024-05-07,EUR,0.963828
2024-05-08,EUR,0.964573
2024-05-09,EUR,0.96489
2024-05-10,EUR,0.962059
2024-05-11,EUR,0.964376
2024-05-12,EUR,0.965043
2024-05-13,EUR,0.964462
2024-05-14,EUR,0.963477
2024-05-15,EUR,0.960781
2024-05-16,EUR,0.961602
2024-05-17,EUR,0.959304
2024-05-18,EUR,0.960912
2024-05-19,EUR,0.96266
2024-05-20,EUR,0.965506
2024-05-21,EUR,0.966805
2024-05-22,EUR,0.968955
2024-05-23,EUR,0.969219
2024-05-24,EUR,0.969438
2024-05-25,EUR,0.96622
2024-05-26,EUR,0.965521
2024-05-27,EUR,0.965325
2024-05-28,EUR,0.962341
2024-05-29,EUR,0.960994
2024-05-30,EUR,0.963008
2024-05-31,EUR,0.964895
2024-06-01,EUR,0.965867
2024-06-02,EUR,0.961746
2024-06-03,EUR,0.963457
2024-06-04,EUR,0.968092
2024-06-05,EUR,0.970878
2024-06-06,EUR,0.971497
2024-06-07,EUR,0.975839
2024-06-08,EUR,0.975848
2024-06-09,EUR,0.976092
2024-06-10,EUR,0.974625
2024-06-11,EUR,0.975372
2024-06-12,EUR,0.975089
2024-06-13,EUR,0.975596
2024-06-14,EUR,0.973212
2024-06-15,EUR,0.97421
2024-06-16,EUR,0.9726
2024-06-17,EUR,0.971282
2024-06-18,EUR,0.973273
2024-06-19,EUR,0.974406
2024-06-20,EUR,0.973609
2024-06-21,EUR,0.973639
2024-06-22,EUR,0.975897
2024-06-23,EUR,0.976679
2024-06-24,EUR,0.976033
2024-06-25,EUR,0.977843
2024-06-26,EUR,0.975617
2024-06-27,EUR,0.977453
2024-06-28,EUR,0.974439
2024-06-29,EUR,0.97459
2024-06-30,EUR,0.977418
2024-07-01,EUR,0.976637
2024-07-02,EUR,0.976399
2024-07-03,EUR,0.974619
2024-07-04,EUR,0.975601
2024-07-05,EUR,0.977116
2024-07-06,EUR,0.977631
2024-07-07,EUR,0.97993
2024-07-08,EUR,0.983626
2024-07-09,EUR,0.98518
2024-07-10,EUR,0.98369
2024-07-11,EUR,0.983253
2024-07-12,EUR,0.98063
2024-07-13,EUR,0.982052
2024-07-14,EUR,0.981935
2024-07-15,EUR,0.981357
2024-07-16,EUR,0.979678
2024-07-17,EUR,0.980734
2024-07-18,EUR,0.978538
2024-07-19,EUR,0.975159
2024-07-20,EUR,0.972349
2024-07-21,EUR,0.97564
2024-07-22,EUR,0.974947
2024-07-23,EUR,0.975212
2024-07-24,EUR,0.975838
2024-07-25,EUR,0.974265
2024-07-26,EUR,0.976309
2024-07-27,EUR,0.978139
2024-07-28,EUR,0.979831
2024-07-29,EUR,0.978786
2024-07-30,EUR,0.97976
2024-07-31,EUR,0.980202
2024-08-01,EUR,0.977934
2024-08-02,EUR,0.979699
2024-08-03,EUR,0.978856
2024-08-04,EUR,0.981797
2024-08-05,EUR,0.982762
2024-08-06,EUR,0.984622
2024-08-07,EUR,0.984697
2024-08-08,EUR,0.983912
2024-08-09,EUR,0.987718
2024-08-10,EUR,0.988146
2024-08-11,EUR,0.98816
2024-08-12,EUR,0.986251
2024-08-13,EUR,0.986409
2024-08-14,EUR,0.98781
2024-08-15,EUR,0.986375
2024-08-16,EUR,0.987244
2024-08-17,EUR,0.985823
2024-08-18,EUR,0.984665
2024-08-19,EUR,0.985837
2024-08-20,EUR,0.984827
2024-08-21,EUR,0.983339
2024-08-22,EUR,0.985959
2024-08-23,EUR,0.988611
2024-08-24,EUR,0.986439
2024-08-25,EUR,0.9874
2024-08-26,EUR,0.987398
2024-08-27,EUR,0.990539
2024-08-28,EUR,0.988544
2024-08-29,EUR,0.989867
2024-08-30,EUR,0.986587
2024-08-31,EUR,0.98722
2024-09-01,EUR,0.991656
2024-09-02,EUR,0.990415
2024-09-03,EUR,0.990879
2024-09-04,EUR,0.991132
2024-09-05,EUR,0.990516
2024-09-06,EUR,0.992374
2024-09-07,EUR,0.989387
2024-09-08,EUR,0.987712
2024-09-09,EUR,0.985042
2024-09-10,EUR,0.98438
2024-09-11,EUR,0.988015
2024-09-12,EUR,0.989198
2024-09-13,EUR,0.98609
2024-09-14,EUR,0.983718
2024-09-15,EUR,0.983434
2024-09-16,EUR,0.983135
2024-09-17,EUR,0.980823
2024-09-18,EUR,0.982994
2024-09-19,EUR,0.981654
2024-09-20,EUR,0.982626
2024-09-21,EUR,0.984061
2024-09-22,EUR,0.986028
2024-09-23,EUR,0.983589
2024-09-24,EUR,0.982366
2024-09-25,EUR,0.980661
2024-09-26,EUR,0.982163
2024-09-27,EUR,0.97909
2024-09-28,EUR,0.979654
2024-09-29,EUR,0.976989
2024-09-30,EUR,0.976739
2024-10-01,EUR,0.978252
2024-10-02,EUR,0.975385
2024-10-03,EUR,0.975242
2024-10-04,EUR,0.973623
2024-10-05,EUR,0.970891
2024-10-06,EUR,0.968115
2024-10-07,EUR,0.967026
2024-10-08,EUR,0.96925
2024-10-09,EUR,0.96951
2024-10-10,EUR,0.969818
2024-10-11,EUR,0.970673
2024-10-12,EUR,0.96727
2024-10-13,EUR,0.964656
2024-10-14,EUR,0.966337
2024-10-15,EUR,0.965004
2024-10-16,EUR,0.96326
2024-10-17,EUR,0.960456
2024-10-18,EUR,0.957301
2024-10-19,EUR,0.958748
2024-10-20,EUR,0.959481
2024-10-21,EUR,0.961156
2024-10-22,EUR,0.963206
2024-10-23,EUR,0.963087
2024-10-24,EUR,0.964537
2024-10-25,EUR,0.968824
2024-10-26,EUR,0.96993
2024-10-27,EUR,0.971162
2024-10-28,EUR,0.971794
2024-10-29,EUR,0.972362
2024-10-30,EUR,0.973325
2024-10-31,EUR,0.971767
2024-11-01,EUR,0.969746
2024-11-02,EUR,0.96801
2024-11-03,EUR,0.967986
2024-11-04,EUR,0.966647
2024-11-05,EUR,0.966319
2024-11-06,EUR,0.968035
2024-11-07,EUR,0.964963
2024-11-08,EUR,0.962764
2024-11-09,EUR,0.963989
2024-11-10,EUR,0.967044
2024-11-11,EUR,0.968317
2024-11-12,EUR,0.968072
2024-11-13,EUR,0.966152
2024-11-14,EUR,0.966268
2024-11-15,EUR,0.963049
2024-11-16,EUR,0.961723
2024-11-17,EUR,0.962695
2024-11-18,EUR,0.964447
2024-11-19,EUR,0.963381
2024-11-20,EUR,0.963475
2024-11-21,EUR,0.962187
2024-11-22,EUR,0.962961
2024-11-23,EUR,0.963672
2024-11-24,EUR,0.963661
2024-11-25,EUR,0.962958
2024-11-26,EUR,0.962284
2024-11-27,EUR,0.962099
2024-11-28,EUR,0.961821
2024-11-29,EUR,0.961199
2024-11-30,EUR,0.962714
2024-12-01,EUR,0.961968
2024-12-02,EUR,0.961153
2024-12-03,EUR,0.959902
2024-12-04,EUR,0.960798
2024-12-05,EUR,0.962731
2024-12-06,EUR,0.963331
2024-12-07,EUR,0.964249
2024-12-08,EUR,0.965542
2024-12-09,EUR,0.966795
2024-12-10,EUR,0.964938
2024-12-11,EUR,0.962362
2024-12-12,EUR,0.964255
2024-12-13,EUR,0.965595
2024-12-14,EUR,0.964231
2024-12-15,EUR,0.960196
2024-12-16,EUR,0.96223
2024-12-17,EUR,0.9626
2024-12-18,EUR,0.961161
2024-12-19,EUR,0.958124
2024-12-20,EUR,0.954833
2024-12-21,EUR,0.954658
2024-12-22,EUR,0.95411
2024-12-23,EUR,0.955814
2024-12-24,EUR,0.95371
2024-12-25,EUR,0.950871
2024-12-26,EUR,0.952001
2024-12-27,EUR,0.954179
2024-12-28,EUR,0.956468
2024-12-29,EUR,0.959501
2024-12-30,EUR,0.961094
2024-12-31,EUR,0.962754
2025-01-01,EUR,0.96065
2025-01-02,EUR,0.961862
2025-01-03,EUR,0.961255
2025-01-04,EUR,0.960294
2025-01-05,EUR,0.95939
2025-01-06,EUR,0.959
2025-01-07,EUR,0.957471
2025-01-08,EUR,0.956324
2025-01-09,EUR,0.956738
2025-01-10,EUR,0.958195
2025-01-11,EUR,0.957017
2025-01-12,EUR,0.957518
2025-01-13,EUR,0.957694
2025-01-14,EUR,0.956111
2025-01-15,EUR,0.951358
2025-01-16,EUR,0.951143
2025-01-17,EUR,0.950087
2025-01-18,EUR,0.950355
2025-01-19,EUR,0.951965
2025-01-20,EUR,0.950773
2025-01-21,EUR,0.949488
2025-01-22,EUR,0.950268
2025-01-23,EUR,0.949334
2025-01-24,EUR,0.947317
2025-01-25,EUR,0.947473
2025-01-26,EUR,0.947247
2025-01-27,EUR,0.94627
2025-01-28,EUR,0.94649
2025-01-29,EUR,0.945568
2025-01-30,EUR,0.942938
2025-01-31,EUR,0.940022
2025-02-01,EUR,0.938571
2025-02-02,EUR,0.937737
2025-02-03,EUR,0.937566
2025-02-04,EUR,0.936312
2025-02-05,EUR,0.935617
2025-02-06,EUR,0.934063
2025-02-07,EUR,0.933381
2025-02-08,EUR,0.933475
2025-02-09,EUR,0.92998
2025-02-10,EUR,0.931717
2025-02-11,EUR,0.929285
2025-02-12,EUR,0.932724
2025-02-13,EUR,0.93366
2025-02-14,EUR,0.934447
2025-02-15,EUR,0.936473
2025-02-16,EUR,0.937598
2025-02-17,EUR,0.935518
2025-02-18,EUR,0.937421
2025-02-19,EUR,0.932959
2025-02-20,EUR,0.933897
2025-02-21,EUR,0.934957
2025-02-22,EUR,0.933632
2025-02-23,EUR,0.933399
2025-02-24,EUR,0.931749
2025-02-25,EUR,0.929991
2025-02-26,EUR,0.930517
2025-02-27,EUR,0.934706
2025-02-28,EUR,0.936225
2025-03-01,EUR,0.936303
2025-03-02,EUR,0.936072
2025-03-03,EUR,0.934254
2025-03-04,EUR,0.933056
2025-03-05,EUR,0.931901
2025-03-06,EUR,0.93289
2025-03-07,EUR,0.932055
2025-03-08,EUR,0.932425
2025-03-09,EUR,0.933026
2025-03-10,EUR,0.936717
2025-03-11,EUR,0.937552
2025-03-12,EUR,0.937208
2025-03-13,EUR,0.939095
2025-03-14,EUR,0.93773
2025-03-15,EUR,0.938053
2025-03-16,EUR,0.935799
2025-03-17,EUR,0.935798
2025-03-18,EUR,0.938993
2025-03-19,EUR,0.942154
2025-03-20,EUR,0.941886
2025-03-21,EUR,0.940198
2025-03-22,EUR,0.941888
2025-03-23,EUR,0.941729
2025-03-24,EUR,0.941044
2025-03-25,EUR,0.942163
2025-03-26,EUR,0.944015
2025-03-27,EUR,0.941518
2025-03-28,EUR,0.942346
2025-03-29,EUR,0.941821
2025-03-30,EUR,0.940238
2025-03-31,EUR,0.941626
2025-04-01,EUR,0.942136
2025-04-02,EUR,0.940797
2025-04-03,EUR,0.936951
2025-04-04,EUR,0.937782
2025-04-05,EUR,0.937974
2025-04-06,EUR,0.935757
2025-04-07,EUR,0.934359
2025-04-08,EUR,0.934251
2025-04-09,EUR,0.932274
2025-04-10,EUR,0.931612
2025-04-11,EUR,0.931028
2025-04-12,EUR,0.932518
2025-04-13,EUR,0.933667
2025-04-14,EUR,0.934815
2025-04-15,EUR,0.938928
2025-04-16,EUR,0.938634
2025-04-17,EUR,0.942745
2025-04-18,EUR,0.939159
2025-04-19,EUR,0.934801
2025-04-20,EUR,0.93604
2025-04-21,EUR,0.933967
2025-04-22,EUR,0.936333
2025-04-23,EUR,0.934725
2025-04-24,EUR,0.934612
2025-04-25,EUR,0.934455
2025-04-26,EUR,0.936492
2025-04-27,EUR,0.937702
2025-04-28,EUR,0.937245
2025-04-29,EUR,0.937571
2025-04-30,EUR,0.938628
2025-05-01,EUR,0.935033
2025-05-02,EUR,0.93737
2025-05-03,EUR,0.939714
2025-05-04,EUR,0.940373
2025-05-05,EUR,0.937105
2025-05-06,EUR,0.936435
2025-05-07,EUR,0.938822
2025-05-08,EUR,0.937782
2025-05-09,EUR,0.936146
2025-05-10,EUR,0.933182
2025-05-11,EUR,0.933594
2025-05-12,EUR,0.934815
2025-05-13,EUR,0.933638
2025-05-14,EUR,0.933611
2025-05-15,EUR,0.933712
2025-05-16,EUR,0.936004
2025-05-17,EUR,0.938723
2025-05-18,EUR,0.938833
2025-05-19,EUR,0.941304
2025-05-20,EUR,0.940408
2025-05-21,EUR,0.939938
2025-05-22,EUR,0.940869
2025-05-23,EUR,0.93882
2025-05-24,EUR,0.941639
2025-05-25,EUR,0.942903
2025-05-26,EUR,0.94511
2025-05-27,EUR,0.948735
2025-05-28,EUR,0.948901
2025-05-29,EUR,0.947483
2025-05-30,EUR,0.94765
2025-05-31,EUR,0.946479
2025-06-01,EUR,0.94543
2025-06-02,EUR,0.945289
2025-06-03,EUR,0.943578
2025-06-04,EUR,0.944589
2025-06-05,EUR,0.940867
2025-06-06,EUR,0.940481
2025-06-07,EUR,0.938589
2025-06-08,EUR,0.9413
2025-06-09,EUR,0.94143
2025-06-10,EUR,0.942578
2025-06-11,EUR,0.943582
2025-06-12,EUR,0.941318
2025-06-13,EUR,0.942241
2025-06-14,EUR,0.939973
2025-06-15,EUR,0.939249
2025-06-16,EUR,0.93787
2025-06-17,EUR,0.935132
2025-06-18,EUR,0.937167
2025-06-19,EUR,0.937074
2025-06-20,EUR,0.936951
2025-06-21,EUR,0.940144
2025-06-22,EUR,0.941665
2025-06-23,EUR,0.941405
2025-06-24,EUR,0.939434
2025-06-25,EUR,0.940139
2025-06-26,EUR,0.939685
2025-06-27,EUR,0.942245
2025-06-28,EUR,0.942789
2025-06-29,EUR,0.946833
2025-06-30,EUR,0.945655
2025-07-01,EUR,0.944898
2025-07-02,EUR,0.946664
2025-07-03,EUR,0.946634
2025-07-04,EUR,0.945303
2025-07-05,EUR,0.945563
2025-07-06,EUR,0.944231
2025-07-07,EUR,0.946326
2025-07-08,EUR,0.944853
2025-07-09,EUR,0.947213
2025-07-10,EUR,0.946675
2025-07-11,EUR,0.94532
2025-07-12,EUR,0.942451
2025-07-13,EUR,0.94419
2025-07-14,EUR,0.94561
2025-07-15,EUR,0.944805
2025-07-16,EUR,0.946109
2025-07-17,EUR,0.94586
2025-07-18,EUR,0.944246
2025-07-19,EUR,0.946942
2025-07-20,EUR,0.947822
2025-07-21,EUR,0.948888
2025-07-22,EUR,0.95034
2025-07-23,EUR,0.950068
2025-07-24,EUR,0.951155
2025-07-25,EUR,0.956095
2025-07-26,EUR,0.955538
2025-07-27,EUR,0.95322
2025-07-28,EUR,0.951644
2025-07-29,EUR,0.949322
2025-07-30,EUR,0.947337
2025-07-31,EUR,0.946821
2025-08-01,EUR,0.947753
2025-08-02,EUR,0.946807
2025-08-03,EUR,0.947725
2025-08-04,EUR,0.948786
2025-08-05,EUR,0.946633
2025-08-06,EUR,0.947355
2025-08-07,EUR,0.945635
2025-08-08,EUR,0.944983
2025-08-09,EUR,0.942582
2025-08-10,EUR,0.940397
2025-08-11,EUR,0.939934
2025-08-12,EUR,0.940913
2025-08-13,EUR,0.942257
2025-08-14,EUR,0.94269
2025-08-15,EUR,0.944845
2025-08-16,EUR,0.945778
2025-08-17,EUR,0.946625
2025-08-18,EUR,0.946806
2025-08-19,EUR,0.948194
2025-08-20,EUR,0.944583
2025-08-21,EUR,0.946677
2025-08-22,EUR,0.946404
2025-08-23,EUR,0.945063
2025-08-24,EUR,0.943891
2025-08-25,EUR,0.940449
2025-08-26,EUR,0.941948
2025-08-27,EUR,0.942856
2025-08-28,EUR,0.945624
2025-08-29,EUR,0.944725
2025-08-30,EUR,0.945269
2025-08-31,EUR,0.946634
2025-09-01,EUR,0.945708
2025-09-02,EUR,0.948688
2025-09-03,EUR,0.947347
2025-09-04,EUR,0.946113
2025-09-05,EUR,0.942279
2025-09-06,EUR,0.941774
2025-09-07,EUR,0.94455
2025-09-08,EUR,0.948041
2025-09-09,EUR,0.946165
2025-09-10,EUR,0.941046
2025-09-11,EUR,0.940532
2025-09-12,EUR,0.938329
2025-09-13,EUR,0.939519
2025-09-14,EUR,0.939384
2025-09-15,EUR,0.938167
2025-09-16,EUR,0.936725
2025-09-17,EUR,0.941055
2025-09-18,EUR,0.942769
2025-09-19,EUR,0.941993
2025-09-20,EUR,0.944517
2025-09-21,EUR,0.943333
2025-09-22,EUR,0.941102
2025-09-23,EUR,0.938802
2025-09-24,EUR,0.941479
2025-09-25,EUR,0.943717
2025-09-26,EUR,0.943661
2025-09-27,EUR,0.941303
2025-09-28,EUR,0.939641
2025-09-29,EUR,0.939595
2025-09-30,EUR,0.93881
2025-10-01,EUR,0.940829
2025-10-02,EUR,0.941893
2025-10-03,EUR,0.938755
2025-10-04,EUR,0.937436
2025-10-05,EUR,0.940128
2025-10-06,EUR,0.940668
2025-10-07,EUR,0.9392
2025-10-08,EUR,0.942968
2025-10-09,EUR,0.943847
2025-10-10,EUR,0.943017
2025-10-11,EUR,0.942103
2025-10-12,EUR,0.940454
2025-10-13,EUR,0.942197
2025-10-14,EUR,0.942288
2025-10-15,EUR,0.944406
2025-10-16,EUR,0.943965
2025-10-17,EUR,0.946631
2025-10-18,EUR,0.947673
2025-10-19,EUR,0.945696
2025-10-20,EUR,0.946432
2025-10-21,EUR,0.947086
2025-10-22,EUR,0.948787
2025-10-23,EUR,0.946331
2025-10-24,EUR,0.945847
2025-10-25,EUR,0.944002
2025-10-26,EUR,0.942539
2025-10-27,EUR,0.940679
2025-10-28,EUR,0.943604
2025-10-29,EUR,0.941541
2025-10-30,EUR,0.944646
2025-10-31,EUR,0.943423
2025-11-01,EUR,0.944802
2025-11-02,EUR,0.948647
2025-11-03,EUR,0.947226
2025-11-04,EUR,0.946745
2025-11-05,EUR,0.951128
2025-11-06,EUR,0.94973
2025-11-07,EUR,0.950429
2025-11-08,EUR,0.9509
2025-11-09,EUR,0.952194
2025-11-10,EUR,0.952291
2025-11-11,EUR,0.948858
2025-11-12,EUR,0.94792
2025-11-13,EUR,0.949073
2025-11-14,EUR,0.944517
2025-11-15,EUR,0.942427
2025-11-16,EUR,0.938386
2025-11-17,EUR,0.937363
2025-11-18,EUR,0.937657
2025-11-19,EUR,0.937839
2025-11-20,EUR,0.935624
2025-11-21,EUR,0.938335
2025-11-22,EUR,0.935424
2025-11-23,EUR,0.933939
2025-11-24,EUR,0.932335
2025-11-25,EUR,0.930566
2025-11-26,EUR,0.93428
2025-11-27,EUR,0.935907
2025-11-28,EUR,0.935007
2025-11-29,EUR,0.933574
2025-11-30,EUR,0.93405
2025-12-01,EUR,0.934391
2025-12-02,EUR,0.935908
2025-12-03,EUR,0.932567
2025-12-04,EUR,0.935016
2025-12-05,EUR,0.93629
2025-12-06,EUR,0.935149
2025-12-07,EUR,0.935716
2025-12-08,EUR,0.937482
2025-12-09,EUR,0.937598
2025-12-10,EUR,0.937157
2025-12-11,EUR,0.938638
2025-12-12,EUR,0.936219
2025-12-13,EUR,0.936226
2025-12-14,EUR,0.935857
2025-12-15,EUR,0.937656
2025-12-16,EUR,0.939301
2025-12-17,EUR,0.93535
2025-12-18,EUR,0.936596
2025-12-19,EUR,0.936759
2025-12-20,EUR,0.936593
2025-12-21,EUR,0.939279
2025-12-22,EUR,0.940922
2025-12-23,EUR,0.942034
2025-12-24,EUR,0.941814
2025-12-25,EUR,0.943429
2025-12-26,EUR,0.945383
2025-12-27,EUR,0.944189
2025-12-28,EUR,0.941707
2025-12-29,EUR,0.94066
2025-12-30,EUR,0.9428
2025-12-31,EUR,0.941753
